course_id,Subject,Course,Section #,course_name,event_day,start_time,end_time,building_code,room_num,Term,Cross-List
AAID 101/M01,AAID,101,M01,Design Fundamentals I,TF,9:00 AM,12:40 PM,EGGC,502,2025SP,
AAID 102/M01,AAID,102,M01,Design Fundamentals II,TF,9:00 AM,12:40 PM,EGGC,502,2025SP,
AAID 102/M02,AAID,102,M02,Design Fundamentals II,TF,9:00 AM,12:40 PM,EGGC,502,2025SP,
AAID 102/M03,AAID,102,M03,Design Fundamentals II,TF,9:00 AM,12:40 PM,EGGC,502,2025SP,
AAID 102/M04,AAID,102,M04,Design Fundamentals II,TF,9:00 AM,12:40 PM,EGGC,502,2025SP,
AAID 102/M05,AAID,102,M05,Design Fundamentals II,TF,9:00 AM,12:40 PM,EGGC,502,2025SP,
AAID 102/M08,AAID,102,M08,Design Fundamentals II,TF,2:00 PM,5:40 PM,EGGC,502,2025SP,
AAID 102/M09,AAID,102,M09,Design Fundamentals II,TF,2:00 PM,5:40 PM,EGGC,502,2025SP,
AAID 140/M01,AAID,140,M01,Visualization I,F,2:00 PM,6:00 PM,EGGC,501,2025SP,
AAID 240/M01,AAID,240,M01,Visualization II,M,9:00 AM,1:00 PM,MC61,919,2025SP,
AAID 240/M02,AAID,240,M02,Visualization II,M,9:00 AM,1:00 PM,EGGC,1013,2025SP,
AAID 240/M03,AAID,240,M03,Visualization II,M,9:00 AM,1:00 PM,EGGC,319,2025SP,
AAID 240/M05,AAID,240,M05,Visualization II,M,9:00 AM,1:00 PM,MC26,410,2025SP,
AAID 240/M09,AAID,240,M09,Visualization II,M,2:00 PM,6:00 PM,EGGC,319,2025SP,
ACCT 101/M01,ACCT,101,M01,Accounting I,MW,11:00 AM,12:20 PM,MC26,11,2025SP,
ACCT 102/M01,ACCT,102,M01,Accounting II,MW,11:00 AM,12:20 PM,EGGC,401,2025SP,
ACCT 110/M01,ACCT,110,M01,Managerial Accounting,MW,9:30 AM,10:50 AM,MC26,504,2025SP,
ACCT 501/M01,ACCT,501,M01,Accounting I,R,8:30 PM,9:50 PM,MC26,502,2025SP,
ACCT 601/E25,ACCT,601,E25,Managerial Accounting,TR,9:30 AM,12:15 PM,MC26,410,2025SP,
ACCT 601/M01,ACCT,601,M01,Managerial Accounting,T,5:45 PM,8:25 PM,MC26,502,2025SP,
ACCT 601/M02,ACCT,601,M02,Managerial Accounting,R,5:45 PM,8:15 PM,MC26,502,2025SP,
ACCT 601/M03,ACCT,601,M03,Managerial Accounting,W,2:45 PM,5:25 PM,MC26,313,2025SP,
ARCH 161/M01,ARCH,161,M01,Global Hist of Architecture I,R,9:00 AM,12:00 PM,MC26,408,2025SP,
ARCH 161/M02,ARCH,161,M02,Global Hist of Architecture I,R,9:00 AM,12:00 PM,MC26,502,2025SP,
ARCH 161/M03,ARCH,161,M03,Global Hist of Architecture I,R,9:00 AM,12:00 PM,EGGC,409,2025SP,
ARCH 161/M04,ARCH,161,M04,Global Hist of Architecture I,R,2:00 PM,5:00 PM,MC61,821,2025SP,
ARCH 202/M01,ARCH,202,M01,Architectural Design II,MR,9:00 AM,12:40 PM,EGGC,502,2025SP,
ARCH 202/M02,ARCH,202,M02,Architectural Design II,MR,9:00 AM,12:40 PM,EGGC,502,2025SP,
ARCH 202/M03,ARCH,202,M03,Architectural Design II,MR,9:00 AM,12:40 PM,EGGC,502,2025SP,
ARCH 202/M04,ARCH,202,M04,Architectural Design II,MR,9:00 AM,12:40 PM,EGGC,502,2025SP,
ARCH 202/M05,ARCH,202,M05,Architectural Design II,MR,9:00 AM,12:40 PM,EGGC,502,2025SP,
ARCH 202/M06,ARCH,202,M06,Architectural Design II,MR,9:00 AM,12:40 PM,EGGC,502,2025SP,
ARCH 202/M07,ARCH,202,M07,Architectural Design II,MR,9:00 AM,12:40 PM,EGGC,502,2025SP,
ARCH 211/M01,ARCH,211,M01,Statics & Strength of Material,M,2:00 PM,5:00 PM,MC26,410,2025SP,
ARCH 211/M03,ARCH,211,M03,Statics & Strength of Material,R,6:00 PM,9:00 PM,MC61,821,2025SP,
ARCH 222/M01,ARCH,222,M01,Building Construction II,W,2:00 PM,5:00 PM,EGGC,1013,2025SP,
ARCH 222/M02,ARCH,222,M02,Building Construction II,W,2:00 PM,5:00 PM,EGGC,1120,2025SP,
ARCH 302/M01,ARCH,302,M01,Architectural Design IV,MR,2:00 PM,5:40 PM,EGGC,502,2025SP,
ARCH 302/M02,ARCH,302,M02,Architectural Design IV,MR,2:00 PM,5:40 PM,EGGC,502,2025SP,
ARCH 302/M03,ARCH,302,M03,Architectural Design IV,MR,2:00 PM,5:40 PM,EGGC,502,2025SP,
ARCH 302/M04,ARCH,302,M04,Architectural Design IV,MR,2:00 PM,5:40 PM,EGGC,502,2025SP,
ARCH 302/M05,ARCH,302,M05,Architectural Design IV,MR,2:00 PM,5:40 PM,EGGC,502,2025SP,
ARCH 310/M01,ARCH,310,M01,Structural Design,W,9:00 AM,12:00 PM,MC61,924,2025SP,
ARCH 325/M02,ARCH,325,M02,Environmental Systems II,W,9:00 AM,12:00 PM,EGGC,706,2025SP,
ARCH 325/M03,ARCH,325,M03,Environmental Systems II,W,9:00 AM,12:00 PM,MC26,409,2025SP,
ARCH 327/M21,ARCH,327,M21,Comp Aided Con Drwgs,W,2:00 PM,5:40 PM,EGGC,501,2025SP,
ARCH 327/M23,ARCH,327,M23,Comp Aided Con Drwgs,W,5:30 PM,8:30 PM,EGGC,702,2025SP,
ARCH 361/M01,ARCH,361,M01,Arch Hist Sem,M,2:00 PM,5:00 PM,MC26,314,2025SP,
ARCH 361/M02,ARCH,361,M02,Arch Hist Sem,M,2:00 PM,5:00 PM,EGGC,406,2025SP,
ARCH 361/M03,ARCH,361,M03,Arch Hist Sem,M,2:00 PM,5:00 PM,MC61,1029,2025SP,
ARCH 361/M04,ARCH,361,M04,Arch Hist Sem,M,2:00 PM,5:00 PM,EGGC,1120,2025SP,2253_S_1162_NYIT1_1
ARCH 362/M01,ARCH,362,M01,History and Theory of the City,M,9:00 AM,12:00 PM,MC61,722,2025SP,
ARCH 362/M02,ARCH,362,M02,History and Theory of the City,R,9:00 AM,12:00 PM,MC61,821,2025SP,
ARCH 362/M03,ARCH,362,M03,History and Theory of the City,M,9:00 AM,12:00 PM,EGGC,701,2025SP,
ARCH 402/M01,ARCH,402,M01,Design VI- Community Design,TF,9:00 AM,12:40 PM,EGGC,1013,2025SP,
ARCH 402/M02,ARCH,402,M02,Design VI- Community Design,TF,9:00 AM,12:40 PM,EGGC,1013,2025SP,
ARCH 402/M03,ARCH,402,M03,Design VI- Community Design,TF,9:00 AM,12:40 PM,EGGC,1013,2025SP,
ARCH 402/M04,ARCH,402,M04,Design VI- Community Design,TF,9:00 AM,12:40 PM,EGGC,1013,2025SP,
ARCH 411/M01,ARCH,411,M01,Advanced Structural Concepts I,W,9:00 AM,12:00 PM,MC26,410,2025SP,
ARCH 411/M03,ARCH,411,M03,Advanced Structural Concepts I,M,9:00 AM,12:00 PM,EGGC,606,2025SP,
ARCH 481/M13,ARCH,481,M13,Professional Practice I,T,5:45 PM,8:25 PM,MC26,314,2025SP,2253_S_1184_NYIT1_1
ARCH 481/M21,ARCH,481,M21,Professional Practice I,T,5:45 PM,8:25 PM,MC26,314,2025SP,2253_S_1184_NYIT1_1
ARCH 481/M22,ARCH,481,M22,Professional Practice I,T,5:45 PM,8:25 PM,MC26,314,2025SP,2253_S_1184_NYIT1_1
ARCH 502/M01,ARCH,502,M01,Architectural Design VIII,TF,2:00 PM,5:40 PM,EGGC,1013,2025SP,
ARCH 502/M02,ARCH,502,M02,Architectural Design VIII,TF,2:00 PM,5:40 PM,EGGC,1013,2025SP,
ARCH 502/M03,ARCH,502,M03,Architectural Design VIII,TF,2:00 PM,5:40 PM,EGGC,1013,2025SP,
ARCH 502/M04,ARCH,502,M04,Architectural Design VIII,TF,2:00 PM,5:40 PM,EGGC,1013,2025SP,
ARCH 502/M05,ARCH,502,M05,Architectural Design VIII,TF,2:00 PM,5:40 PM,EGGC,1013,2025SP,2253_S_1168_NYIT1_1
ARCH 602/M01,ARCH,602,M01,M. ARCH Studio 2,TF,9:00 AM,1:00 PM,EGGC,1119,2025SP,
ARCH 621/M01,ARCH,621,M01,Building Systems I,W,2:00 PM,5:00 PM,EGGC,1013,2025SP,
ARCH 644/M11,ARCH,644,M11,Arch Visual Communication 2,T,2:00 PM,5:00 PM,EGGC,1011,2025SP,
ARCH 662/M11,ARCH,662,M11,Global History of Architecture,F,2:00 PM,5:00 PM,EGGC,706,2025SP,
ARCH 702/M01,ARCH,702,M01,Urban Design Studio II,MR,9:00 AM,1:00 PM,EGGC,1120,2025SP,2253_S_1168_NYIT1_1
ARCH 702B/M01,ARCH,702B,M01,Computational Design Studio 2,TR,2:00 PM,5:40 PM,EGGC,602,2025SP,2253_S_1131_NYIT1_1
ARCH 702C/M01,ARCH,702C,M01,Health and Design Studio 2,TR,2:00 PM,5:40 PM,MC61,1029,2025SP,2253_S_1131_NYIT1_1
ARCH 705/M01,ARCH,705,M01,M. ARCH Studio 5,MR,9:00 AM,1:00 PM,EGGC,1119,2025SP,
ARCH 705/M02,ARCH,705,M02,M. ARCH Studio 5,MR,9:00 AM,1:00 PM,EGGC,1119,2025SP,
ARCH 722/M01,ARCH,722,M01,Building Systems 2,M,2:00 PM,5:00 PM,EGGC,1119,2025SP,
ARCH 724/M12,ARCH,724,M12,Material Tectonics II,W,2:00 PM,5:00 PM,EGGC,1119,2025SP,
ARCH 725/M01,ARCH,725,M01,Theories & Studies of Urbanism,M,2:00 PM,5:00 PM,EGGC,1120,2025SP,2253_S_1162_NYIT1_1
ARCH 727/M01,ARCH,727,M01,Construction Documents,W,9:30 AM,12:30 PM,EGGC,1120,2025SP,
ARCH 752/M01,ARCH,752,M01,Multidisciplinary Design,R,10:30 AM,1:00 PM,EGGC,602,2025SP,2253_S_1130_NYIT1_1
ARCH 755/M01,ARCH,755,M01,Envt Behav & Dsgn Intelligence,T,10:30 AM,1:00 PM,EGGC,602,2025SP,2253_S_1128_NYIT1_1
ARCH 756/M01,ARCH,756,M01,Medical & Mobility Prototypes,W,2:00 PM,4:30 PM,EGGC,602,2025SP,2253_S_1129_NYIT1_1
ARCH 776/M01,ARCH,776,M01,Fabrication Optimization,T,10:30 AM,1:00 PM,EGGC,602,2025SP,2253_S_1128_NYIT1_1
ARCH 782/M01,ARCH,782,M01,Computational Design II,R,2:00 PM,5:30 PM,EGGC,602,2025SP,
ARCH 784/M01,ARCH,784,M01,Fabrication and Robotics II,W,9:00 AM,12:00 PM,EGGC,602,2025SP,
ARCH 791/M11,ARCH,791,M11,Special Studies in Arch,W,10:00 AM,1:00 PM,EGGC,1119,2025SP,
ARCH 791/M12,ARCH,791,M12,Special Studies in Arch,W,2:00 PM,5:00 PM,EGGC,606,2025SP,
ARCH 802/M01,ARCH,802,M01,M. ARCH Studio 7,MR,9:00 AM,1:00 PM,EGGC,1013,2025SP,
ARCH 802/M02,ARCH,802,M02,M. ARCH Studio 7,MR,9:00 AM,1:00 PM,EGGC,1013,2025SP,
ARCH 842/M01,ARCH,842,M01,Digi Technique & Media Dsgn II,R,3:00 PM,6:00 PM,EGGC,1120,2025SP,
ARCH 880/M11,ARCH,880,M11,Practice Models & Strategies,M,2:00 PM,5:00 PM,EGGC,1013,2025SP,
ARTA 803/M01,ARTA,803,M01,Visual Comm & Emerging Tech,M,6:00 PM,9:00 PM,MC61,919,2025SP,2253_S_1186_NYIT1_1
ARTC 251/M01,ARTC,251,M01,Computer Graphics II,M,2:00 PM,6:00 PM,MC61,922,2025SP,
ARTC 251/M02,ARTC,251,M02,Computer Graphics II,M,2:00 PM,6:00 PM,MC61,919,2025SP,
ARTC 270/M01,ARTC,270,M01,Game Theory & History,M,2:00 PM,6:00 PM,MC61,1026,2025SP,
ARTC 351/M01,ARTC,351,M01,Digital Compositing,W,9:00 AM,1:00 PM,MC61,919,2025SP,2253_S_1138_NYIT1_1
ARTC 371/M01,ARTC,371,M01,Game Design II,T,2:00 PM,6:00 PM,MC61,1026,2025SP,
ARTC 400/M01,ARTC,400,M01,Thesis Proposal,T,9:30 AM,12:20 PM,MC61,919,2025SP,
ARTC 406/M01,ARTC,406,M01,Thesis Production II,T,2:00 PM,6:00 PM,MC61,919,2025SP,
ARTC 406/M02,ARTC,406,M02,Thesis Production II,T,2:00 PM,6:00 PM,MC61,925,2025SP,
ARTC 410/M01,ARTC,410,M01,Portfolio,F,9:00 AM,1:00 PM,MC61,925,2025SP,
ARTC 410/M01,ARTC,410,M01,Portfolio,F,9:00 AM,1:00 PM,MC61,1026,2025SP,
ARTC 410/M02,ARTC,410,M02,Portfolio,W,1:00 PM,5:00 PM,MC61,925,2025SP,
ARTD 102/M01,ARTD,102,M01,Form and Space,W,2:00 PM,6:00 PM,MC61,922,2025SP,
ARTD 102/M02,ARTD,102,M02,Form and Space,W,2:00 PM,6:00 PM,MC61,919,2025SP,
ARTE 801/M01,ARTE,801,M01,Dig Comp & Visl Effect,W,9:00 AM,1:00 PM,MC61,919,2025SP,2253_S_1138_NYIT1_1
ARTG 251/M01,ARTG,251,M01,Visual Identity,F,1:00 PM,5:00 PM,MC61,922,2025SP,
ARTG 260/M01,ARTG,260,M01,Web Design,T,6:00 PM,10:00 PM,MC61,923,2025SP,
ARTG 260/M01,ARTG,260,M01,Web Design,T,6:00 PM,10:00 PM,MC61,922,2025SP,
ARTG 303/M01,ARTG,303,M01,Illustration,T,8:30 AM,12:30 PM,MC61,922,2025SP,
ARTG 352/M01,ARTG,352,M01,Editorial Design,T,2:00 PM,6:00 PM,MC61,922,2025SP,2253_S_1045_NYIT1_1
ARTG 451/M01,ARTG,451,M01,Portfolio,F,9:00 AM,1:00 PM,MC61,922,2025SP,2253_S_1155_NYIT1_1
ARTG 655/M01,ARTG,655,M01,Branding Design and Strategy,F,9:00 AM,1:00 PM,MC61,922,2025SP,2253_S_1155_NYIT1_1
ARTG 656/M01,ARTG,656,M01,Environmental Graphic Design,F,1:00 PM,5:00 PM,MC61,925,2025SP,
ARTG 751/M01,ARTG,751,M01,Info Dsgn & Data Visualization,W,1:00 PM,5:00 PM,MC61,923,2025SP,
ARTG 751/M01,ARTG,751,M01,Info Dsgn & Data Visualization,W,1:00 PM,5:00 PM,MC61,1026,2025SP,
ARTG 801/M01,ARTG,801,M01,Advertising Design,R,2:00 PM,6:00 PM,MC61,925,2025SP,
ARTG 801/M01,ARTG,801,M01,Advertising Design,R,2:00 PM,6:00 PM,MC61,1026,2025SP,
ARTI 601/M01,ARTI,601,M01,UX Design Foundations,M,6:00 PM,10:00 PM,MC61,925,2025SP,
ARTI 601/M01,ARTI,601,M01,UX Design Foundations,M,6:00 PM,10:00 PM,MC61,1026,2025SP,
ARTI 602/M01,ARTI,602,M01,Human Computer Interaction Dsg,W,6:00 PM,9:00 PM,MC61,919,2025SP,
ARTI 602/M01,ARTI,602,M01,Human Computer Interaction Dsg,W,6:00 PM,9:00 PM,MC61,925,2025SP,
ARTI 603/M01,ARTI,603,M01,User Interface & Prototyping,F,6:00 PM,9:00 PM,MC61,922,2025SP,
ARTI 604/M01,ARTI,604,M01,UX/UI Design for VR/AR/MR,M,6:00 PM,9:00 PM,MC61,919,2025SP,2253_S_1186_NYIT1_1
ARTI 604/M02,ARTI,604,M02,UX/UI Design for VR/AR/MR,M,6:00 PM,10:00 PM,MC61,922,2025SP,
ARTI 605/M01,ARTI,605,M01,Unity Design,R,6:00 PM,10:00 PM,MC61,919,2025SP,
ARTI 605/M01,ARTI,605,M01,Unity Design,R,6:00 PM,10:00 PM,MC61,1026,2025SP,
ARTI 606/M01,ARTI,606,M01,UX Research & Data Analytics,T,6:00 PM,10:00 PM,MC61,919,2025SP,
ARTI 607/M01,ARTI,607,M01,Info Arch & Content Strategy,W,9:00 AM,1:00 PM,MC61,925,2025SP,
ARTI 608/M01,ARTI,608,M01,Adv Research: Usability & Test,T,2:00 PM,6:00 PM,MC61,923,2025SP,
ARTI 609/M01L,ARTI,609,M01L,Web & Mobile Development,F,6:00 PM,10:00 PM,MC61,925,2025SP,
ARTI 609/M02,ARTI,609,M02,Web & Mobile Development,R,6:00 PM,10:00 PM,MC61,922,2025SP,
ARTI 609/M02L,ARTI,609,M02L,Web & Mobile Development,R,6:00 PM,10:00 PM,MC61,922,2025SP,
ARTP 802/M01,ARTP,802,M01,Master Project,T,6:00 PM,10:00 PM,MC61,925,2025SP,
ARTP 802/M01,ARTP,802,M01,Master Project,T,6:00 PM,10:00 PM,MC61,1026,2025SP,
ARTP 802/M02,ARTP,802,M02,Master Project,T,8:30 AM,12:30 PM,MC61,925,2025SP,
ARTQ 452/M01,ARTQ,452,M01,Technical Artist Studio,F,3:00 PM,7:00 PM,MC61,919,2025SP,
ARTQ 452/M01,ARTQ,452,M01,Technical Artist Studio,F,3:00 PM,7:00 PM,MC61,1026,2025SP,
ARTQ 453/M01,ARTQ,453,M01,Emerging Tech for Games,M,9:00 AM,1:00 PM,MC61,919,2025SP,
ARTS 201/M01,ARTS,201,M01,Sculpture I,F,9:00 AM,1:00 PM,MC61,923,2025SP,
ARTS 251/M01,ARTS,251,M01,Sculpture II,M,1:00 PM,5:00 PM,MC61,923,2025SP,
ARTU 872/M01,ARTU,872,M01,Thesis II: Production,W,6:00 PM,10:00 PM,MC61,923,2025SP,
ARTW 151/M01,ARTW,151,M01,Drawing II,R,2:00 PM,6:00 PM,MC61,919,2025SP,
ARTW 151/M02,ARTW,151,M02,Drawing II,R,2:00 PM,6:00 PM,MC61,922,2025SP,
ARTW 255/M01,ARTW,255,M01,Concept & Visual Storytelling,F,9:00 AM,1:00 PM,MC61,919,2025SP,
BIOE 320/M01,BIOE,320,M01,Statistics for Bioengineers,R,5:45 PM,8:25 PM,EGGC,704,2025SP,2253_S_0874_NYIT1_1
BIOE 440/M01,BIOE,440,M01,Process Control Biotechnology,F,12:20 PM,2:50 PM,MC61,722,2025SP,2253_S_1142_NYIT1_1
BIOE 650/M01,BIOE,650,M01,Medical Devices,T,5:45 PM,8:25 PM,EGGC,409,2025SP,2253_S_1092_NYIT1_1
BIOL 101/M01,BIOL,101,M01,Humanity & the Biological UnIv,MW,3:30 PM,4:50 PM,MC26,312,2025SP,
BIOL 107/M01,BIOL,107,M01,Environmental Sciences,MW,11:00 AM,12:20 PM,EGGC,406,2025SP,
BIOL 110/M01,BIOL,110,M01,General Biology I,MW,9:30 AM,10:50 AM,MC61,820,2025SP,
BIOL 110/M01L,BIOL,110,M01L,General Biology I,R,9:30 AM,12:20 PM,EGGC,901,2025SP,
BIOL 110/M02L,BIOL,110,M02L,General Biology I,T,9:35 AM,12:35 PM,EGGC,901,2025SP,
BIOL 150/M01,BIOL,150,M01,General Biology II,MW,12:30 PM,1:50 PM,MC61,624,2025SP,
BIOL 150/M02,BIOL,150,M02,General Biology II,M,5:45 PM,8:25 PM,MC26,11,2025SP,
BIOL 150/M02L,BIOL,150,M02L,General Biology II,M,2:00 PM,4:50 PM,EGGC,901,2025SP,
BIOL 150/M03B,BIOL,150,M03B,General Biology II,MW,11:00 AM,12:20 PM,EGGC,405,2025SP,
BIOL 150/M03L,BIOL,150,M03L,General Biology II,W,2:00 PM,4:50 PM,EGGC,901,2025SP,
BIOL 150/M04L,BIOL,150,M04L,General Biology II,W,6:00 PM,8:25 PM,EGGC,901,2025SP,
BIOL 150/M05L,BIOL,150,M05L,General Biology II,F,2:00 PM,4:50 PM,EGGC,901,2025SP,
BIOL 155/M01,BIOL,155,M01,Osteo Prin/Prac,W,3:30 PM,4:50 PM,MC61,1119,2025SP,2253_S_1120_NYIT1_1
BIOL 233/M01,BIOL,233,M01,Genetics,F,5:45 PM,8:25 PM,EGGC,706,2025SP,
BIOL 233/M01L,BIOL,233,M01L,Genetics,R,5:45 PM,8:25 PM,EGGC,901,2025SP,
BIOL 235/M01,BIOL,235,M01,Microbiology,MW,12:30 PM,1:50 PM,EGGC,406,2025SP,
BIOL 235/M01L,BIOL,235,M01L,Microbiology,R,2:00 PM,4:50 PM,EGGC,901,2025SP,
BIOL 238/M01,BIOL,238,M01,Introduction to Biotechnology,F,3:30 PM,6:20 PM,EGGC,704,2025SP,
BIOL 250/M01,BIOL,250,M01,Biostatistics,R,2:00 PM,4:50 PM,MC26,409,2025SP,
BIOL 310/M01,BIOL,310,M01,Human Physiology,MW,11:00 AM,12:20 PM,MC26,313,2025SP,
BIOL 310/M01L,BIOL,310,M01L,Human Physiology,T,5:30 PM,8:30 PM,EGGC,901,2025SP,
BIOL 310/M02L,BIOL,310,M02L,Human Physiology,T,2:00 PM,4:50 PM,EGGC,901,2025SP,
BIOL 315/M01,BIOL,315,M01,Neuroscience,MW,9:30 AM,10:50 AM,EGGC,704,2025SP,
BIOL 325/M01,BIOL,325,M01,Evolutionary Biology,MW,11:00 AM,12:20 PM,MC26,207,2025SP,2253_S_1005_NYIT1_1
BIOL 340/M02B,BIOL,340,M02B,Biochemistry,MW,9:30 AM,10:50 AM,EGGC,406,2025SP,
BIOL 340/M02L,BIOL,340,M02L,Biochemistry,F,5:30 PM,8:10 PM,EGGC,902,2025SP,
BIOL 340/M03L,BIOL,340,M03L,Biochemistry,W,5:30 PM,8:10 PM,EGGC,902,2025SP,
BIOL 341/M01,BIOL,341,M01,Genetic Engineering,W,3:30 PM,4:50 PM,EGGC,405,2025SP,
BIOL 350/M01,BIOL,350,M01,Bioinformatics & Funct Genomic,T,2:00 PM,4:50 PM,MC61,603,2025SP,
BIOL 395/M01,BIOL,395,M01,Intro to Research Literature,R,2:00 PM,4:50 PM,EGGC,405,2025SP,2253_S_0559_NYIT1_1
BIOL 432/M01,BIOL,432,M01,Cell Biology,TR,11:00 AM,12:20 PM,EGGC,702,2025SP,
BIOL 435/M01,BIOL,435,M01,Evolutionary Biology,MW,11:00 AM,12:20 PM,MC26,207,2025SP,2253_S_1005_NYIT1_1
BUSA 701/M02,BUSA,701,M02,Data Interact & Visualization,W,5:45 PM,8:25 PM,MC26,207,2025SP,
BUSI 650/M01,BUSI,650,M01,Business Analytics & Decision,W,5:45 PM,8:25 PM,MC26,504,2025SP,
BUSI 775/M01,BUSI,775,M01,Risk Management Integrated Sem,W,11:30 AM,2:15 PM,MC61,1118,2025SP,
CHEM 107/M01,CHEM,107,M01,Engineering Chemistry I,F,9:35 AM,1:35 PM,MC61,822,2025SP,
CHEM 110/M01,CHEM,110,M01,General Chemistry I,MW,3:30 PM,4:50 PM,EGGC,401,2025SP,
CHEM 110/M01L,CHEM,110,M01L,General Chemistry I,W,11:00 AM,1:50 PM,EGGC,902,2025SP,
CHEM 110/M02L,CHEM,110,M02L,General Chemistry I,F,11:00 AM,1:50 PM,EGGC,902,2025SP,
CHEM 150/M01,CHEM,150,M01,General Chemistry II,MW,11:00 AM,12:20 PM,MC61,623,2025SP,
CHEM 150/M01L,CHEM,150,M01L,General Chemistry II,T,9:30 AM,12:30 PM,EGGC,902,2025SP,
CHEM 150/M02B,CHEM,150,M02B,General Chemistry II,MW,12:30 PM,1:50 PM,EGGC,405,2025SP,
CHEM 150/M02L,CHEM,150,M02L,General Chemistry II,R,2:00 PM,4:50 PM,EGGC,902,2025SP,
CHEM 150/M03,CHEM,150,M03,General Chemistry II,MW,2:00 PM,3:20 PM,EGGC,401,2025SP,
CHEM 150/M03L,CHEM,150,M03L,General Chemistry II,R,5:30 PM,8:10 PM,EGGC,902,2025SP,
CHEM 150/M04L,CHEM,150,M04L,General Chemistry II,T,5:30 PM,8:30 PM,EGGC,902,2025SP,
CHEM 210/M01,CHEM,210,M01,Organic Chemistry I,TR,9:30 AM,10:50 AM,EGGC,702,2025SP,
CHEM 210/M01L,CHEM,210,M01L,Organic Chemistry I,M,2:00 PM,4:50 PM,EGGC,902,2025SP,
CHEM 250/M01,CHEM,250,M01,Organic Chemistry II,TR,9:30 AM,10:50 AM,EGGC,704,2025SP,
CHEM 250/M01L,CHEM,250,M01L,Organic Chemistry II,W,2:00 PM,4:50 PM,EGGC,902,2025SP,
CHEM 250/M02B,CHEM,250,M02B,Organic Chemistry II,TR,11:00 AM,12:20 PM,EGGC,704,2025SP,
CHEM 250/M02L,CHEM,250,M02L,Organic Chemistry II,M,5:30 PM,8:30 PM,EGGC,902,2025SP,
CHEM 395/M01,CHEM,395,M01,Intro to Research Design,R,2:00 PM,4:50 PM,EGGC,405,2025SP,2253_S_0559_NYIT1_1
CHEM 440/M01,CHEM,440,M01,Drug Discovery & Development,TR,9:30 AM,10:50 AM,EGGC,701,2025SP,
CHEM 493/M01,CHEM,493,M01,Independent Research III,F,11:00 AM,1:50 PM,EGGC,901,2025SP,2253_S_0838_NYIT1_1
CSCI 125/M01,CSCI,125,M01,Computer Programming I,R,2:00 PM,3:20 PM,MC61,820,2025SP,2253_S_0047_NYIT1_2
CSCI 125/M01,CSCI,125,M01,Computer Programming I,T,2:00 PM,4:20 PM,MC61,820,2025SP,2253_S_0047_NYIT1_1
CSCI 125/M02,CSCI,125,M02,Computer Programming I,T,2:00 PM,4:20 PM,MC61,820,2025SP,2253_S_0047_NYIT1_1
CSCI 125/M02,CSCI,125,M02,Computer Programming I,R,2:00 PM,3:20 PM,MC61,820,2025SP,2253_S_0047_NYIT1_2
CSCI 125/M03,CSCI,125,M03,Computer Programming I,T,5:30 PM,9:10 PM,MC26,409,2025SP,2253_S_0048_NYIT1_1
CSCI 125/M04,CSCI,125,M04,Computer Programming I,T,5:30 PM,9:10 PM,MC26,409,2025SP,2253_S_0048_NYIT1_1
CSCI 125/M05,CSCI,125,M05,Computer Programming I,M,5:30 PM,9:10 PM,EGGC,408,2025SP,2253_S_0909_NYIT1_1
CSCI 125/M06,CSCI,125,M06,Computer Programming I,M,5:30 PM,9:10 PM,EGGC,408,2025SP,2253_S_0909_NYIT1_1
CSCI 125/M07,CSCI,125,M07,Computer Programming I,M,2:00 PM,4:50 PM,EGGC,408,2025SP,2253_S_0085_NYIT1_1
CSCI 125/M07,CSCI,125,M07,Computer Programming I,W,3:30 PM,4:50 PM,EGGC,408,2025SP,2253_S_0085_NYIT1_2
CSCI 125/M08,CSCI,125,M08,Computer Programming I,W,3:30 PM,4:50 PM,EGGC,408,2025SP,2253_S_0085_NYIT1_2
CSCI 125/M08,CSCI,125,M08,Computer Programming I,M,2:00 PM,4:50 PM,EGGC,408,2025SP,2253_S_0085_NYIT1_1
CSCI 130/M02,CSCI,130,M02,Computer Organization,TR,3:30 PM,4:50 PM,MC61,723,2025SP,2253_S_0892_NYIT1_1
CSCI 135/M01,CSCI,135,M01,Digital Logic Design Fund,W,5:30 PM,8:10 PM,MC61,721,2025SP,2253_S_0752_NYIT1_1
CSCI 135/M02,CSCI,135,M02,Digital Logic Design Fund,TR,3:30 PM,4:50 PM,MC61,723,2025SP,2253_S_0892_NYIT1_1
CSCI 135/M03,CSCI,135,M03,Digital Logic Design Fund,MW,2:00 PM,3:20 PM,MC61,822,2025SP,2253_S_0467_NYIT1_1
CSCI 155/M03,CSCI,155,M03,Computer Org and Architecture,T,5:30 PM,8:10 PM,MC61,624,2025SP,2253_S_0316_NYIT1_1
CSCI 155/M04,CSCI,155,M04,Computer Org and Architecture,T,5:30 PM,8:10 PM,MC61,624,2025SP,2253_S_0316_NYIT1_1
CSCI 155/M05,CSCI,155,M05,Computer Org and Architecture,TR,3:30 PM,4:50 PM,MC61,822,2025SP,2253_S_0412_NYIT1_1
CSCI 155/M06,CSCI,155,M06,Computer Org and Architecture,TR,3:30 PM,4:50 PM,MC61,822,2025SP,2253_S_0412_NYIT1_1
CSCI 185/M01,CSCI,185,M01,Computer Programming II,TR,9:00 AM,10:50 AM,MC61,820,2025SP,
CSCI 185/M03,CSCI,185,M03,Computer Programming II,M,5:30 PM,9:10 PM,MC61,624,2025SP,2253_S_0053_NYIT1_1
CSCI 185/M04,CSCI,185,M04,Computer Programming II,M,5:30 PM,9:10 PM,MC61,624,2025SP,2253_S_0053_NYIT1_1
CSCI 185/M05,CSCI,185,M05,Computer Programming II,TR,9:00 AM,10:50 AM,MC61,723,2025SP,2253_S_0051_NYIT1_1
CSCI 185/M06,CSCI,185,M06,Computer Programming II,TR,9:00 AM,10:50 AM,MC61,723,2025SP,2253_S_0051_NYIT1_1
CSCI 185/M07,CSCI,185,M07,Computer Programming II,R,5:30 PM,9:10 PM,MC61,723,2025SP,
CSCI 202/M01,CSCI,202,M01,Introduction to CS and AI,M,2:00 PM,4:50 PM,MC61,924,2025SP,2253_S_1157_NYIT1_1
CSCI 235/M01,CSCI,235,M01,Elements of Discrete Structure,R,5:30 PM,8:10 PM,MC61,822,2025SP,2253_S_0054_NYIT1_1
CSCI 235/M02,CSCI,235,M02,Elements of Discrete Structure,R,5:30 PM,8:10 PM,MC61,822,2025SP,2253_S_0054_NYIT1_1
CSCI 235/M03,CSCI,235,M03,Elements of Discrete Structure,MW,9:30 AM,10:50 AM,MC61,624,2025SP,2253_S_0177_NYIT1_1
CSCI 235/M04,CSCI,235,M04,Elements of Discrete Structure,MW,9:30 AM,10:50 AM,MC61,624,2025SP,2253_S_0177_NYIT1_1
CSCI 260/M01,CSCI,260,M01,Data Structures,MW,2:00 PM,3:20 PM,MC61,624,2025SP,2253_S_0323_NYIT1_1
CSCI 260/M02,CSCI,260,M02,Data Structures,MW,2:00 PM,3:20 PM,MC61,624,2025SP,2253_S_0323_NYIT1_1
CSCI 260/M05,CSCI,260,M05,Data Structures,TR,9:30 AM,10:50 AM,MC61,822,2025SP,2253_S_0055_NYIT1_1
CSCI 260/M06,CSCI,260,M06,Data Structures,TR,9:30 AM,10:50 AM,MC61,822,2025SP,2253_S_0055_NYIT1_1
CSCI 270/M01,CSCI,270,M01,Statistics Com Sci,TR,3:30 PM,4:50 PM,MC26,312,2025SP,
CSCI 300/M01,CSCI,300,M01,Database Management,T,5:30 PM,8:10 PM,MC61,723,2025SP,2253_S_0057_NYIT1_1
CSCI 312/M01,CSCI,312,M01,Theory of Computation,TR,11:00 AM,12:20 PM,MC61,723,2025SP,
CSCI 318/M01,CSCI,318,M01,Programming Language Concepts,TR,2:00 PM,3:20 PM,MC61,723,2025SP,
CSCI 330/M01,CSCI,330,M01,Operating Systems,M,5:30 PM,8:10 PM,MC61,822,2025SP,2253_S_0058_NYIT1_1
CSCI 330/M02,CSCI,330,M02,Operating Systems,M,5:30 PM,8:10 PM,MC61,822,2025SP,2253_S_0058_NYIT1_1
CSCI 330/M03,CSCI,330,M03,Operating Systems,TR,3:30 PM,4:50 PM,MC61,624,2025SP,2253_S_0059_NYIT1_1
CSCI 330/M04,CSCI,330,M04,Operating Systems,TR,3:30 PM,4:50 PM,MC61,624,2025SP,2253_S_0059_NYIT1_1
CSCI 335/M01,CSCI,335,M01,Des Anal Algor,T,5:45 PM,8:25 PM,MC61,822,2025SP,
CSCI 345/M01,CSCI,345,M01,Computer Networks,W,5:30 PM,8:10 PM,MC61,624,2025SP,
CSCI 355/M01,CSCI,355,M01,Artificial Intelligence I,MW,2:00 PM,3:20 PM,MC61,820,2025SP,
CSCI 357/M01,CSCI,357,M01,Cisco Academy Level I,F,5:30 PM,8:10 PM,MC61,821,2025SP,2253_S_0482_NYIT1_1
CSCI 362/M01,CSCI,362,M01,Info System Sec Engin & Admin,T,5:45 PM,8:25 PM,MC61,821,2025SP,2253_S_1020_NYIT1_1
CSCI 380/M01,CSCI,380,M01,Intro to Software Engineering,MW,12:30 PM,1:50 PM,MC61,723,2025SP,
CSCI 405/M01,CSCI,405,M01,Distributed Database Systems,F,9:35 AM,12:05 PM,EGGC,704,2025SP,2253_S_0656_NYIT1_1
CSCI 415/M01,CSCI,415,M01,Introduction to Data Mining,M,5:00 PM,7:40 PM,MC61,723,2025SP,2253_S_0931_NYIT1_1
CSCI 426/M01,CSCI,426,M01,Information Retrieval,W,5:45 PM,8:25 PM,MC61,723,2025SP,2253_S_1029_NYIT1_1
CSCI 436/M01,CSCI,436,M01,Big Data Mgmt,R,5:45 PM,8:25 PM,MC61,624,2025SP,2253_S_0457_NYIT1_1
CSCI 440/M01,CSCI,440,M01,Adv Network & Intern Security,W,5:45 PM,8:25 PM,MC61,821,2025SP,2253_S_1027_NYIT1_1
CSCI 445/M01,CSCI,445,M01,Operating System Security,W,5:45 PM,8:25 PM,MC26,312,2025SP,2253_S_1145_NYIT1_1
CSCI 445/M02,CSCI,445,M02,Operating System Security,T,5:45 PM,8:25 PM,MC61,721,2025SP,2253_S_0950_NYIT1_1
CSCI 502/M05,CSCI,502,M05,Computer Programming I,M,5:30 PM,9:10 PM,EGGC,408,2025SP,2253_S_0909_NYIT1_1
CSCI 502/M07,CSCI,502,M07,Computer Programming I,M,2:00 PM,4:50 PM,EGGC,408,2025SP,2253_S_0085_NYIT1_1
CSCI 502/M07,CSCI,502,M07,Computer Programming I,W,3:30 PM,4:50 PM,EGGC,408,2025SP,2253_S_0085_NYIT1_2
CSCI 503/M03,CSCI,503,M03,Organ and Arch,T,5:30 PM,8:10 PM,MC61,624,2025SP,2253_S_0316_NYIT1_1
CSCI 503/M05,CSCI,503,M05,Organ and Arch,TR,3:30 PM,4:50 PM,MC61,822,2025SP,2253_S_0412_NYIT1_1
CSCI 504/M03,CSCI,504,M03,Computer Programming II,M,5:30 PM,9:10 PM,MC61,624,2025SP,2253_S_0053_NYIT1_1
CSCI 504/M07,CSCI,504,M07,Computer Programming II,TR,9:00 AM,10:50 AM,MC61,723,2025SP,2253_S_0051_NYIT1_1
CSCI 507/M01,CSCI,507,M01,Data Structures,MW,2:00 PM,3:20 PM,MC61,624,2025SP,2253_S_0323_NYIT1_1
CSCI 507/M05,CSCI,507,M05,Data Structures,TR,9:30 AM,10:50 AM,MC61,822,2025SP,2253_S_0055_NYIT1_1
CSCI 509/M01,CSCI,509,M01,Operating Systems,M,5:30 PM,8:10 PM,MC61,822,2025SP,2253_S_0058_NYIT1_1
CSCI 509/M03,CSCI,509,M03,Operating Systems,TR,3:30 PM,4:50 PM,MC61,624,2025SP,2253_S_0059_NYIT1_1
CSCI 610/M01,CSCI,610,M01,Theor Conc in Computers & Comp,F,5:45 PM,8:25 PM,EGGC,401,2025SP,2253_S_1177_NYIT1_1
CSCI 620/M01,CSCI,620,M01,Operating System Security,W,5:45 PM,8:25 PM,MC26,312,2025SP,2253_S_1145_NYIT1_1
CSCI 620/M02,CSCI,620,M02,Operating System Security,T,5:45 PM,8:25 PM,MC61,721,2025SP,2253_S_0950_NYIT1_1
CSCI 621/M01,CSCI,621,M01,Programming Languages,S,11:20 AM,2:00 PM,MC61,723,2025SP,2253_S_1178_NYIT1_1
CSCI 626/M01,CSCI,626,M01,Information Retrieval,W,5:45 PM,8:25 PM,MC61,723,2025SP,2253_S_1029_NYIT1_1
CSCI 636/M01,CSCI,636,M01,Big Data Analytics,R,5:45 PM,8:25 PM,MC61,624,2025SP,2253_S_0457_NYIT1_1
CSCI 636/M02,CSCI,636,M02,Big Data Analytics,R,5:45 PM,8:25 PM,MC26,312,2025SP,2253_S_1023_NYIT1_1
CSCI 651/M03,CSCI,651,M03,Algorithm Concepts,F,2:20 PM,4:50 PM,MC61,721,2025SP,
CSCI 657/M01,CSCI,657,M01,Introduction to Data Mining,M,5:00 PM,7:40 PM,MC61,723,2025SP,2253_S_0931_NYIT1_1
CSCI 662/M01,CSCI,662,M01,Inf. Sys. Sec. Eng. Admin.,T,5:45 PM,8:25 PM,MC61,821,2025SP,2253_S_1020_NYIT1_1
CSCI 665/M01,CSCI,665,M01,Software Engineering,F,5:45 PM,8:25 PM,MC61,624,2025SP,2253_S_1179_NYIT1_1
CSCI 690/M01,CSCI,690,M01,Computer Networks,W,5:45 PM,8:25 PM,MC26,409,2025SP,2253_S_0914_NYIT1_1
CSCI 755/M01,CSCI,755,M01,Artificial Intelligence I,M,5:45 PM,8:25 PM,MC26,312,2025SP,2253_S_1180_NYIT1_1
CSCI 760/M01,CSCI,760,M01,Database Systems,S,11:20 AM,2:00 PM,MC61,624,2025SP,2253_S_1181_NYIT1_1
CSCI 860/M01,CSCI,860,M01,Special Topics,F,5:45 PM,8:25 PM,MC61,723,2025SP,2253_S_0539_NYIT1_1
CTEC 208/M01,CTEC,208,M01,Programming Techniques II,MW,9:30 AM,10:50 AM,EGGC,702,2025SP,
CTEC 216/M01,CTEC,216,M01,Digital Electronics,TR,2:00 PM,3:20 PM,EGGC,409,2025SP,
CTEC 216/M01L,CTEC,216,M01L,Digital Electronics,T,9:30 AM,12:20 PM,EGGC,903,2025SP,
CTEC 241/M01,CTEC,241,M01,Circuit Design and Fabrication,TR,11:00 AM,12:20 PM,EGGC,408,2025SP,
CTEC 241/M01L,CTEC,241,M01L,Circuit Design and Fabrication,R,2:00 PM,4:50 PM,EGGC,903,2025SP,
CTEC 243/M01,CTEC,243,M01,Appld Computational Analysis I,MW,12:30 PM,1:50 PM,EGGC,702,2025SP,
CTEC 336/M01,CTEC,336,M01,Embedded Sys & Inter of Things,MW,11:00 AM,12:20 PM,EGGC,409,2025SP,
CTEC 336/M01L,CTEC,336,M01L,Embedded Sys & Inter of Things,M,2:00 PM,4:50 PM,EGGC,904,2025SP,
CTEC 350/M01,CTEC,350,M01,Microcontroller Based Systems,TR,9:30 AM,10:50 AM,EGGC,408,2025SP,
DATA 101/M01,DATA,101,M01,Making Sense of a Data-Society,M,9:30 AM,12:10 PM,MC26,408,2025SP,
DATA 101/M02,DATA,101,M02,Making Sense of a Data-Society,W,9:30 AM,12:10 PM,MC26,314,2025SP,
DATA 101/M03,DATA,101,M03,Making Sense of a Data-Society,M,2:00 PM,4:40 PM,EGGC,701,2025SP,
DATA 101/M05,DATA,101,M05,Making Sense of a Data-Society,R,3:30 PM,6:10 PM,EGGC,406,2025SP,
DATA 101/M06,DATA,101,M06,Making Sense of a Data-Society,W,11:00 AM,1:40 PM,EGGC,701,2025SP,
DATA 101/M08,DATA,101,M08,Making Sense of a Data-Society,T,2:00 PM,4:40 PM,MC26,207,2025SP,
DATA 101/M09,DATA,101,M09,Making Sense of a Data-Society,R,2:00 PM,4:40 PM,EGGC,704,2025SP,
DATA 101/M10,DATA,101,M10,Making Sense of a Data-Society,W,2:00 PM,4:40 PM,EGGC,701,2025SP,
DSGN 102/M01,DSGN,102,M01,Interior Environments I,TF,9:00 AM,12:20 PM,EGGC,706,2025SP,
DSGN 102/M02,DSGN,102,M02,Interior Environments I,TF,9:00 AM,12:20 PM,EGGC,502,2025SP,
DSGN 160/M01,DSGN,160,M01,Design Theory: History/Context,M,2:00 PM,5:00 PM,MC26,401,2025SP,
DSGN 160/M02,DSGN,160,M02,Design Theory: History/Context,F,2:00 PM,5:00 PM,EGGC,701,2025SP,
DSGN 204/M01,DSGN,204,M01,Interior Environments III,TF,9:00 AM,12:00 PM,EGGC,502,2025SP,
DSGN 221/M01,DSGN,221,M01,Working Drawings,W,9:00 AM,12:00 PM,MC26,401,2025SP,
DSGN 243/M01,DSGN,243,M01,"Modeling, Rendering & Comm II",W,2:00 PM,5:00 PM,EGGC,702,2025SP,
DSGN 304/M01,DSGN,304,M01,Furniture Design/Detailing/Mat,MR,9:00 AM,12:40 PM,EGGC,502,2025SP,
DSGN 363/M01,DSGN,363,M01,History of Interiors II,R,2:00 PM,5:00 PM,EGGC,701,2025SP,
DSGN 382/M01,DSGN,382,M01,Building Codes and Regulations,T,2:00 PM,5:00 PM,EGGC,701,2025SP,
DSGN 383/M01,DSGN,383,M01,Design Marketing and Branding,W,12:10 PM,1:50 PM,EGGC,706,2025SP,
DSGN 402/M01,DSGN,402,M01,Senior Proj in Interior Design,MR,9:00 AM,12:00 PM,EGGC,706,2025SP,
DSGN 402/M02,DSGN,402,M02,Senior Proj in Interior Design,MR,9:00 AM,12:00 PM,MC26,314,2025SP,
DTSC 610/M01,DTSC,610,M01,Programming for Data Science,M,5:45 PM,8:25 PM,MC61,721,2025SP,2253_S_1153_NYIT1_1
DTSC 615/M01,DTSC,615,M01,Optim Methods for Data Science,T,5:45 PM,8:25 PM,EGGC,408,2025SP,2253_S_1173_NYIT1_1
DTSC 620/M01,DTSC,620,M01,Statistics for Data Science,W,5:45 PM,8:25 PM,MC61,822,2025SP,2253_S_1152_NYIT1_1
DTSC 630/M01,DTSC,630,M01,Data Visualization,R,5:45 PM,8:25 PM,MC26,409,2025SP,2253_S_1174_NYIT1_1
DTSC 701/M01,DTSC,701,M01,Introduction to Big Data,R,5:45 PM,8:25 PM,MC61,624,2025SP,2253_S_0457_NYIT1_1
DTSC 701/M02,DTSC,701,M02,Introduction to Big Data,R,5:45 PM,8:25 PM,MC26,312,2025SP,2253_S_1023_NYIT1_1
DTSC 710/M01,DTSC,710,M01,Machine Learning,F,5:45 PM,8:25 PM,MC61,723,2025SP,2253_S_0539_NYIT1_1
DTSC 740/M01,DTSC,740,M01,Deep Learning,W,5:45 PM,8:25 PM,EGGC,706,2025SP,2253_S_1175_NYIT1_1
ECON 202/M01,ECON,202,M01,Principles of Economics I,MW,11:00 AM,12:20 PM,MC61,820,2025SP,
ECON 204/M01,ECON,204,M01,Principles of Economics II,MW,9:30 AM,10:50 AM,MC61,721,2025SP,
ECON 501/M01,ECON,501,M01,Principles of Economics I,F,2:45 PM,5:45 PM,MC26,314,2025SP,
ECON 601/M01,ECON,601,M01,Managerial Econ for Dec Making,F,5:45 PM,8:25 PM,MC26,502,2025SP,
ECON 601/M02,ECON,601,M02,Managerial Econ for Dec Making,M,2:45 PM,5:25 PM,MC26,502,2025SP,
ECON 601/M03,ECON,601,M03,Managerial Econ for Dec Making,W,2:45 PM,5:25 PM,EGGC,406,2025SP,
EDCO 705/M01,EDCO,705,M01,Career Couns/Lifestyle Develop,W,5:00 PM,7:30 PM,MC26,401,2025SP,2253_S_0979_NYIT1_1
EENG 125/M01,EENG,125,M01,Fundamentals of Digital Logic,W,5:30 PM,8:10 PM,MC61,721,2025SP,2253_S_0752_NYIT1_1
EENG 125/M02,EENG,125,M02,Fundamentals of Digital Logic,TR,3:30 PM,4:50 PM,MC61,723,2025SP,2253_S_0892_NYIT1_1
EENG 125/M03,EENG,125,M03,Fundamentals of Digital Logic,MW,2:00 PM,3:20 PM,MC61,822,2025SP,2253_S_0467_NYIT1_1
EENG 211/M01,EENG,211,M01,Electrical Circuits I,R,5:30 PM,8:10 PM,EGGC,903,2025SP,2253_S_0922_NYIT1_1
EENG 212/M01,EENG,212,M01,Elect Cir I Tls,R,5:30 PM,8:10 PM,EGGC,903,2025SP,2253_S_0922_NYIT1_1
EENG 212/M01L,EENG,212,M01L,Elect Cir I Tls,R,8:20 PM,9:10 PM,EGGC,903,2025SP,2253_S_0923_NYIT1_1
EENG 221/M01,EENG,221,M01,Comput/Engr Tools,R,8:20 PM,9:10 PM,EGGC,903,2025SP,2253_S_0923_NYIT1_1
EENG 270/M01,EENG,270,M01,Electronics I,WF,11:00 AM,12:20 PM,EGGC,408,2025SP,2253_S_0562_NYIT1_1
EENG 275/M01,EENG,275,M01,Electronics Laboratory I,M,5:30 PM,8:10 PM,EGGC,904,2025SP,
EENG 281/M01,EENG,281,M01,Electrical Circuits II,TR,2:00 PM,3:20 PM,EGGC,406,2025SP,2253_S_1056_NYIT1_1
EENG 310/M01,EENG,310,M01,Electronics II,M,5:45 PM,8:25 PM,MC61,722,2025SP,2253_S_1193_NYIT1_1
EENG 315/M01,EENG,315,M01,Electronics Laboratory II,R,5:30 PM,8:10 PM,EGGC,904,2025SP,
EENG 320/M01,EENG,320,M01,Control Systems,F,12:20 PM,2:50 PM,MC61,722,2025SP,2253_S_1142_NYIT1_1
EENG 330/M01,EENG,330,M01,Electromagnetic Theory I,TR,3:30 PM,4:50 PM,EGGC,606,2025SP,
EENG 341/M01,EENG,341,M01,Signals and Systems,T,2:00 PM,3:20 PM,EGGC,408,2025SP,2253_S_0042_NYIT1_1
EENG 341/M01,EENG,341,M01,Signals and Systems,R,2:00 PM,3:20 PM,EGGC,408,2025SP,2253_S_0042_NYIT1_2
EENG 360/M01,EENG,360,M01,Electronics Laboratory III,R,2:00 PM,4:40 PM,EGGC,904,2025SP,
EENG 371/M01,EENG,371,M01,Microprocessors & Embedded Sys,T,5:30 PM,8:10 PM,EGGC,903,2025SP,
EENG 382/M01,EENG,382,M01,Random Signals and Statistics,F,12:30 PM,3:10 PM,EGGC,408,2025SP,2253_S_0043_NYIT1_1
EENG 401/M01,EENG,401,M01,Communication Theory,TR,2:00 PM,3:20 PM,EGGC,606,2025SP,2253_S_1167_NYIT1_1
EENG 403/M01,EENG,403,M01,Electronics Laboratory IV,W,2:00 PM,4:40 PM,EGGC,904,2025SP,
EENG 419/M01,EENG,419,M01,Med Devices: Embedded Sys App,T,5:45 PM,8:25 PM,EGGC,409,2025SP,2253_S_1092_NYIT1_1
EENG 483/M01,EENG,483,M01,Introduction to Vlsi Design,T,5:45 PM,8:25 PM,EGGC,405,2025SP,2253_S_1148_NYIT1_1
EENG 489/M01,EENG,489,M01,Senior Design Project I,W,11:00 AM,1:40 PM,EGGC,607,2025SP,
EENG 491/M01,EENG,491,M01,Senior Design Project II,T,9:30 AM,12:20 PM,EGGC,607,2025SP,
EENG 502/M01,EENG,502,M01,Elect Cir I Tls,R,5:30 PM,8:10 PM,EGGC,903,2025SP,2253_S_0922_NYIT1_1
EENG 502/M01L,EENG,502,M01L,Elect Cir I Tls,R,8:20 PM,9:10 PM,EGGC,903,2025SP,2253_S_0923_NYIT1_1
EENG 504/M01,EENG,504,M01,Intro Electr Cir,WF,11:00 AM,12:20 PM,EGGC,408,2025SP,2253_S_0562_NYIT1_1
EENG 505/M01,EENG,505,M01,Fundamentals of Digital Logic,W,5:30 PM,8:10 PM,MC61,721,2025SP,2253_S_0752_NYIT1_1
EENG 505/M02,EENG,505,M02,Fundamentals of Digital Logic,TR,3:30 PM,4:50 PM,MC61,723,2025SP,2253_S_0892_NYIT1_1
EENG 508/M01,EENG,508,M01,Electrical Circuits II,TR,2:00 PM,3:20 PM,EGGC,406,2025SP,2253_S_1056_NYIT1_1
EENG 512/M01,EENG,512,M01,Control Systems,F,12:20 PM,2:50 PM,MC61,722,2025SP,2253_S_1142_NYIT1_1
EENG 514/M01,EENG,514,M01,Signals and Systems,R,2:00 PM,3:20 PM,EGGC,408,2025SP,2253_S_0042_NYIT1_2
EENG 514/M01,EENG,514,M01,Signals and Systems,T,2:00 PM,3:20 PM,EGGC,408,2025SP,2253_S_0042_NYIT1_1
EENG 515/M01,EENG,515,M01,Random Signals and Statistics,F,12:30 PM,3:10 PM,EGGC,408,2025SP,2253_S_0043_NYIT1_1
EENG 518/M01,EENG,518,M01,Communication Theory,TR,2:00 PM,3:20 PM,EGGC,606,2025SP,2253_S_1167_NYIT1_1
EENG 611/M01,EENG,611,M01,Radar System Analysis,W,5:45 PM,8:25 PM,MC61,722,2025SP,2253_S_1163_NYIT1_1
EENG 650/M01,EENG,650,M01,Medical Devices: Embed Systems,T,5:45 PM,8:25 PM,EGGC,409,2025SP,2253_S_1092_NYIT1_1
EENG 661/M01,EENG,661,M01,Introduction to Vlsi Design,T,5:45 PM,8:25 PM,EGGC,405,2025SP,2253_S_1148_NYIT1_1
EENG 665/M01,EENG,665,M01,Linear Systems,M,5:45 PM,8:25 PM,EGGC,704,2025SP,2253_S_1150_NYIT1_1
EENG 751/M01,EENG,751,M01,Signal Processing I,R,5:45 PM,8:25 PM,EGGC,706,2025SP,2253_S_1141_NYIT1_1
EENG 755/M01,EENG,755,M01,Computer Networks,W,5:45 PM,8:25 PM,MC26,409,2025SP,2253_S_0914_NYIT1_1
EENG 765/M01,EENG,765,M01,Microwave Circts,M,5:45 PM,8:25 PM,EGGC,405,2025SP,2253_S_1165_NYIT1_1
EENG 770/M01,EENG,770,M01,Digital Communications,R,5:45 PM,8:25 PM,MC61,722,2025SP,2253_S_1164_NYIT1_1
EENG 860/M02,EENG,860,M02,Special Topics,F,5:45 PM,8:25 PM,MC61,723,2025SP,2253_S_0539_NYIT1_1
ENGY 710/M01,ENGY,710,M01,Power Plant Systems,M,5:45 PM,8:25 PM,EGGC,406,2025SP,2253_S_1076_NYIT1_1
ENGY 830/M01,ENGY,830,M01,Internship Program,W,8:35 PM,11:15 PM,EGGC,701,2025SP,2253_S_1079_NYIT1_1
ETCS 105/M01,ETCS,105,M01,Career Discovery,W,9:10 AM,10:55 AM,EGGC,606,2025SP,
ETCS 105/M02,ETCS,105,M02,Career Discovery,W,5:30 PM,7:20 PM,EGGC,408,2025SP,
ETCS 108/M01,ETCS,108,M01,"Computer, Internet and Society",MW,11:00 AM,12:20 PM,MC61,723,2025SP,
ETEC 110/M01,ETEC,110,M01,Electrical Technology I,F,9:30 AM,12:20 PM,EGGC,409,2025SP,
ETEC 110/M01L,ETEC,110,M01L,Electrical Technology I,F,2:00 PM,4:50 PM,EGGC,903,2025SP,
ETEC 120/M01,ETEC,120,M01,Electrical Technology II,MW,11:00 AM,12:20 PM,MC61,624,2025SP,
ETEC 120/M01L,ETEC,120,M01L,Electrical Technology II,T,2:00 PM,4:50 PM,EGGC,904,2025SP,
ETEC 131/M01,ETEC,131,M01,Electronic Tech I,TR,11:00 AM,12:30 PM,MC26,313,2025SP,
ETEC 131/M01L,ETEC,131,M01L,Electronic Tech I,W,2:00 PM,4:50 PM,EGGC,904,2025SP,
ETEC 231/M01,ETEC,231,M01,Electronics Technology II,TR,3:30 PM,4:50 PM,EGGC,408,2025SP,
ETEC 231/M01L,ETEC,231,M01L,Electronics Technology II,R,9:30 AM,12:30 PM,EGGC,903,2025SP,
ETEC 325/M01,ETEC,325,M01,Applied Statistics,TR,11:00 AM,12:20 PM,EGGC,606,2025SP,
ETEC 410/M01,ETEC,410,M01,Control Systems Technology,MW,12:30 PM,1:50 PM,EGGC,606,2025SP,
ETEC 410/M01L,ETEC,410,M01L,Control Systems Technology,W,2:00 PM,4:50 PM,EGGC,903,2025SP,
FCWR 101/M01,FCWR,101,M01,Writing I:Found Coll Comp,T,11:00 AM,12:20 PM,EGGC,319,2025SP,
FCWR 101/M02,FCWR,101,M02,Writing I:Found Coll Comp,R,2:00 PM,3:20 PM,MC61,623,2025SP,
FCWR 101/M03,FCWR,101,M03,Writing I:Found Coll Comp,T,2:00 PM,3:20 PM,MC61,722,2025SP,
FCWR 111/M01,FCWR,111,M01,Writing I:Comp Intl Stds,W,9:30 AM,12:20 PM,EGGC,319,2025SP,
FCWR 111/M02,FCWR,111,M02,Writing I:Comp Intl Stds,W,12:30 PM,3:20 PM,EGGC,319,2025SP,
FCWR 111/M03,FCWR,111,M03,Writing I:Comp Intl Stds,T,9:30 AM,12:20 PM,MC61,821,2025SP,
FCWR 151/M01,FCWR,151,M01,Writing II:Fnd Rsrch Writ,TR,9:30 AM,10:50 AM,EGGC,406,2025SP,
FCWR 151/M02,FCWR,151,M02,Writing II:Fnd Rsrch Writ,MW,2:00 PM,3:20 PM,MC26,207,2025SP,
FCWR 151/M03,FCWR,151,M03,Writing II:Fnd Rsrch Writ,MW,2:00 PM,3:20 PM,MC61,623,2025SP,
FCWR 151/M04,FCWR,151,M04,Writing II:Fnd Rsrch Writ,MW,3:30 PM,4:50 PM,MC61,623,2025SP,
FCWR 151/M05,FCWR,151,M05,Writing II:Fnd Rsrch Writ,F,12:30 PM,1:50 PM,MC26,207,2025SP,
FCWR 151/M06,FCWR,151,M06,Writing II:Fnd Rsrch Writ,F,2:00 PM,3:20 PM,MC26,207,2025SP,
FCWR 151/M07,FCWR,151,M07,Writing II:Fnd Rsrch Writ,F,2:00 PM,3:20 PM,MC61,821,2025SP,
FCWR 151/M08,FCWR,151,M08,Writing II:Fnd Rsrch Writ,F,3:30 PM,4:50 PM,MC61,821,2025SP,
FCWR 161/M01,FCWR,161,M01,Writing II:Comp Intl Stds,T,2:00 PM,4:50 PM,MC61,821,2025SP,
FCWR 161/M02,FCWR,161,M02,Writing II:Comp Intl Stds,R,2:00 PM,4:50 PM,MC26,207,2025SP,
FCWR 161/M03,FCWR,161,M03,Writing II:Comp Intl Stds,W,2:00 PM,4:50 PM,MC26,401,2025SP,
FCWR 303/M01,FCWR,303,M01,Art Design Comm,F,11:00 AM,1:50 PM,EGGC,319,2025SP,
FINC 201/M01,FINC,201,M01,Corporation Finance,TR,2:00 PM,3:20 PM,MC26,502,2025SP,
FINC 601/M02,FINC,601,M02,Financial Management,W,5:45 PM,8:25 PM,MC26,502,2025SP,
FINC 601/M03,FINC,601,M03,Financial Management,M,5:45 PM,8:25 PM,MC26,504,2025SP,
FINC 635/M01,FINC,635,M01,Insurance and Risk Management,M,2:45 PM,5:25 PM,MC61,1118,2025SP,
HNRS 101/M01,HNRS,101,M01,Honors Seminar I,T,6:15 PM,7:15 PM,EGGC,702,2025SP,
ICBS 301/M01,ICBS,301,M01,Cross Cult Date,MW,12:30 PM,1:50 PM,EGGC,704,2025SP,
ICBS 302/M01,ICBS,302,M01,Intergroup Rel,MW,11:00 AM,12:20 PM,EGGC,704,2025SP,
ICBS 305/M01,ICBS,305,M01,Gender Identity,MW,11:00 AM,12:20 PM,MC61,721,2025SP,
ICLT 300/M01,ICLT,300,M01,Core Seminar in Literature,W,5:30 PM,8:10 PM,MC61,623,2025SP,
ICLT 308/M01,ICLT,308,M01,Contemporary Poetry,W,11:00 AM,12:20 PM,MC61,722,2025SP,
ICLT 327/M02,ICLT,327,M02,The Literature of Initiation,TR,5:30 PM,8:10 PM,MC61,623,2025SP,
ICSS 308/M01,ICSS,308,M01,Seminar in Eco Sustain,W,2:00 PM,3:20 PM,MC61,821,2025SP,
IDSP 099/M01,IDSP,99,M01,Skills for College Success II,W,12:45 PM,2:00 PM,MC26,207,2025SP,
IENG 240/M01,IENG,240,M01,Engineering Economics,T,2:00 PM,4:50 PM,EGGC,702,2025SP,
IENG 251/M01,IENG,251,M01,Project Engineering,F,9:30 AM,11:50 AM,EGGC,606,2025SP,
IENG 345/M01,IENG,345,M01,Statistical Design II,M,5:45 PM,8:25 PM,EGGC,409,2025SP,2253_S_1132_NYIT1_1
IENG 400/M01,IENG,400,M01,Technology and Global Issues,MW,9:30 AM,10:50 AM,MC61,723,2025SP,
INCS 615/M01,INCS,615,M01,Adv Netwk & Internet Security,W,5:45 PM,8:25 PM,MC61,821,2025SP,2253_S_1027_NYIT1_1
INCS 735/M01,INCS,735,M01,Secure Software Engineering,S,2:10 PM,4:50 PM,MC61,723,2025SP,2253_S_1176_NYIT1_1
INCS 745/M01,INCS,745,M01,Intrusion Detect & Hacker Exp,F,5:45 PM,8:25 PM,MC61,721,2025SP,2253_S_1156_NYIT1_1
ITEC 290/M01,ITEC,290,M01,Database Systems,T,5:30 PM,8:10 PM,MC61,723,2025SP,2253_S_0057_NYIT1_1
ITEC 305/M01,ITEC,305,M01,Internet Programming I,R,5:45 PM,8:25 PM,MC61,721,2025SP,2253_S_1171_NYIT1_1
ITEC 315/M01,ITEC,315,M01,Mob App Design,TR,11:00 AM,12:20 PM,EGGC,401,2025SP,2253_S_1182_NYIT1_1
ITEC 320/M01,ITEC,320,M01,Web Multimed Dev I,T,5:45 PM,8:25 PM,EGGC,704,2025SP,2253_S_1172_NYIT1_1
ITEC 357/M01,ITEC,357,M01,Cisco Academy Level 1,F,5:30 PM,8:10 PM,MC61,821,2025SP,2253_S_0482_NYIT1_1
ITEC 440/M01,ITEC,440,M01,Adv Netwk & Internet Security,W,5:45 PM,8:25 PM,MC61,821,2025SP,2253_S_1027_NYIT1_1
ITEC 445/M01,ITEC,445,M01,Operating System Security,W,5:45 PM,8:25 PM,MC26,312,2025SP,2253_S_1145_NYIT1_1
ITEC 445/M02,ITEC,445,M02,Operating System Security,T,5:45 PM,8:25 PM,MC61,721,2025SP,2253_S_0950_NYIT1_1
LLAW 110/M01,LLAW,110,M01,Legal Environment of Business,TR,9:30 AM,10:50 AM,MC26,313,2025SP,
MATH 115/M01,MATH,115,M01,Intro to Mathematics Concepts,MW,3:30 PM,4:50 PM,MC61,820,2025SP,
MATH 125/M01,MATH,125,M01,Finite Mathematics,MW,9:30 AM,10:50 AM,MC26,312,2025SP,
MATH 135/M01,MATH,135,M01,Fundamentals of Precalculus I,TR,5:30 PM,7:55 PM,EGGC,401,2025SP,
MATH 136/M01,MATH,136,M01,Fundamentals of Precalculus II,TR,2:00 PM,4:25 PM,EGGC,706,2025SP,
MATH 136/M02,MATH,136,M02,Fundamentals of Precalculus II,MW,9:30 AM,11:55 AM,MC26,502,2025SP,
MATH 136/M03,MATH,136,M03,Fundamentals of Precalculus II,MW,2:00 PM,4:25 PM,EGGC,706,2025SP,
MATH 136/M04,MATH,136,M04,Fundamentals of Precalculus II,MW,5:30 PM,7:55 PM,EGGC,401,2025SP,
MATH 136/M05,MATH,136,M05,Fundamentals of Precalculus II,TR,10:00 AM,12:25 PM,MC61,623,2025SP,2253_S_1018_NYIT1_1
MATH 136/M06,MATH,136,M06,Fundamentals of Precalculus II,TR,6:10 PM,8:25 PM,MC61,623,2025SP,2253_S_1018_NYIT1_1
MATH 141/M01,MATH,141,M01,Precalculus,TR,3:30 PM,5:55 PM,MC26,11,2025SP,
MATH 151/M01,MATH,151,M01,Fundamentals of Calculus,MW,12:30 PM,1:50 PM,EGGC,401,2025SP,2253_S_0935_NYIT1_1
MATH 161/M01,MATH,161,M01,Basic Applied Calculus,MW,2:00 PM,3:20 PM,EGGC,704,2025SP,2253_S_0935_NYIT1_1
MATH 170/M01,MATH,170,M01,Calculus I,TR,2:00 PM,4:25 PM,EGGC,401,2025SP,
MATH 170/M02,MATH,170,M02,Calculus I,MW,2:00 PM,4:25 PM,MC61,723,2025SP,
MATH 170/M03,MATH,170,M03,Calculus I,TR,9:30 AM,11:55 AM,EGGC,405,2025SP,
MATH 170/M04,MATH,170,M04,Calculus I,TR,2:00 PM,4:25 PM,MC26,313,2025SP,
MATH 180/M01,MATH,180,M01,Calculus II,MW,2:00 PM,4:25 PM,MC61,721,2025SP,
MATH 180/M02,MATH,180,M02,Calculus II,MW,11:00 AM,1:25 PM,MC26,312,2025SP,
MATH 180/M03,MATH,180,M03,Calculus II,TR,2:00 PM,4:25 PM,MC61,721,2025SP,
MATH 180/M04,MATH,180,M04,Calculus II,TR,8:30 AM,10:55 AM,MC61,624,2025SP,
MATH 260/M01,MATH,260,M01,Calculus III,MW,9:00 AM,11:00 AM,MC61,822,2025SP,
MATH 310/M01,MATH,310,M01,Linear Algebra,MW,12:30 PM,1:55 PM,MC61,821,2025SP,
MATH 310/M02,MATH,310,M02,Linear Algebra,TR,11:00 AM,12:25 PM,MC61,624,2025SP,
MATH 320/M01,MATH,320,M01,Differential Equations,MW,12:30 PM,1:50 PM,MC61,820,2025SP,
MATH 330/M01,MATH,330,M01,Computational Analysis,TR,8:50 AM,10:50 AM,EGGC,319,2025SP,2253_S_1134_NYIT1_1
MATH 350/M01,MATH,350,M01,Advanced Calculus,MW,3:30 PM,4:50 PM,MC61,722,2025SP,2253_S_1135_NYIT1_2
MATH 370/M01,MATH,370,M01,Real Analysis,TR,2:00 PM,3:20 PM,MC61,1119,2025SP,
MATH 450/M01,MATH,450,M01,Partial Differential Equations,F,12:45 PM,2:05 PM,EGGC,406,2025SP,2253_S_1127_NYIT1_2
MATH 450/M01,MATH,450,M01,Partial Differential Equations,T,9:30 AM,10:30 AM,EGGC,409,2025SP,2253_S_1127_NYIT1_1
MENG 211/M01,MENG,211,M01,Eng Mechanics I (Statics),F,9:30 AM,12:30 PM,EGGC,702,2025SP,
MGMT 102/M01,MGMT,102,M01,Principles of Management,TR,11:00 AM,12:20 PM,MC61,820,2025SP,
MGMT 102/M02,MGMT,102,M02,Principles of Management,TR,2:00 PM,3:20 PM,MC26,401,2025SP,
MGMT 235/M01,MGMT,235,M01,International Business,TR,3:30 PM,4:50 PM,MC26,408,2025SP,
MGMT 605/M01,MGMT,605,M01,Org Devpt & Behvrl,T,5:45 PM,8:25 PM,MC26,313,2025SP,
MGMT 605/M02,MGMT,605,M02,Org Devpt & Behvrl,T,2:45 PM,5:25 PM,MC26,314,2025SP,
MGMT 605/M03,MGMT,605,M03,Org Devpt & Behvrl,W,2:45 PM,5:25 PM,MC26,502,2025SP,
MGMT 650/M02,MGMT,650,M02,Strategic Leadership Capstone,W,5:45 PM,8:25 PM,MC26,408,2025SP,
MHCO 705/M01,MHCO,705,M01,Career Couns&Dev,W,5:00 PM,7:30 PM,MC26,401,2025SP,2253_S_0979_NYIT1_1
MIST 216/M01,MIST,216,M01,Information Systems,M,3:30 PM,6:10 PM,EGGC,606,2025SP,
MIST 610/M02,MIST,610,M02,ERP Systems,R,7:10 PM,8:30 PM,MC26,504,2025SP,
MIST 660/E25,MIST,660,E25,Info Systems & Resource Mgmt,T,1:00 PM,5:25 PM,MC26,504,2025SP,
MIST 725/M02,MIST,725,M02,Database Systems,T,5:45 PM,8:25 PM,EGGC,319,2025SP,
MRKT 102/M01,MRKT,102,M01,Introduction to Marketing,MW,11:00 AM,12:20 PM,EGGC,702,2025SP,
MRKT 620/E25,MRKT,620,E25,Strategic Marketing & Branding,M,9:30 AM,12:15 PM,MC26,409,2025SP,
MRKT 620/M01,MRKT,620,M01,Strategic Marketing & Branding,M,2:45 PM,5:25 PM,MC26,313,2025SP,
MRKT 620/M02,MRKT,620,M02,Strategic Marketing & Branding,M,5:45 PM,8:25 PM,EGGC,706,2025SP,
MRKT 620/M03,MRKT,620,M03,Strategic Marketing & Branding,R,2:45 PM,5:25 PM,MC26,314,2025SP,
MRKT 620/M04,MRKT,620,M04,Strategic Marketing & Branding,W,5:45 PM,8:25 PM,MC26,314,2025SP,
MRKT 710/M01,MRKT,710,M01,International Marketing,W,2:45 PM,5:25 PM,MC26,409,2025SP,
MRKT 745/M01,MRKT,745,M01,Digital Marketing Strategy,T,5:45 PM,8:25 PM,MC26,207,2025SP,
MRKT 745/M02,MRKT,745,M02,Digital Marketing Strategy,R,5:45 PM,8:25 PM,MC26,207,2025SP,
MRKT 750/M01,MRKT,750,M01,Marketing Research Insights,W,5:45 PM,8:25 PM,MC26,313,2025SP,
PHYS 115/M01,PHYS,115,M01,Humanity/Phys Un,MW,2:00 PM,3:20 PM,MC26,312,2025SP,
PHYS 150/M01,PHYS,150,M01,Introductory Physics II,MW,2:00 PM,3:20 PM,MC26,408,2025SP,
PHYS 150/M01L,PHYS,150,M01L,Introductory Physics II,F,9:00 AM,10:50 AM,MC61,812,2025SP,
PHYS 170/M01,PHYS,170,M01,General Physics I,MW,9:10 AM,10:50 AM,EGGC,401,2025SP,
PHYS 170/M01L,PHYS,170,M01L,General Physics I,W,11:00 AM,12:50 PM,MC61,812,2025SP,
PHYS 170/M02,PHYS,170,M02,General Physics I,TR,5:45 PM,7:25 PM,MC61,820,2025SP,
PHYS 170/M02L,PHYS,170,M02L,General Physics I,R,7:35 PM,9:25 PM,MC61,812,2025SP,
PHYS 170/M03L,PHYS,170,M03L,General Physics I,R,3:30 PM,5:20 PM,MC61,812,2025SP,
PHYS 180/M01,PHYS,180,M01,General Physics II,MW,11:00 AM,12:40 PM,MC61,822,2025SP,
PHYS 180/M01L,PHYS,180,M01L,General Physics II,R,10:30 AM,12:20 PM,MC61,812,2025SP,
PHYS 180/M02,PHYS,180,M02,General Physics II,MW,5:45 PM,7:25 PM,MC61,820,2025SP,
PHYS 180/M02L,PHYS,180,M02L,General Physics II,W,3:30 PM,5:20 PM,MC61,812,2025SP,
PHYS 180/M03L,PHYS,180,M03L,General Physics II,W,6:35 PM,8:25 PM,MC61,812,2025SP,
PHYS 185/M01,PHYS,185,M01,General Physics for Pre-Med II,F,10:00 AM,2:50 PM,MC61,624,2025SP,
PHYS 185/M01L,PHYS,185,M01L,General Physics for Pre-Med II,F,3:10 PM,5:00 PM,MC61,812,2025SP,
PHYS 191/M01,PHYS,191,M01,Physics of Sports,MW,11:00 AM,12:20 PM,MC61,821,2025SP,
PHYS 225/M01,PHYS,225,M01,Introduction to Modern Physics,MW,9:30 AM,10:50 AM,MC61,821,2025SP,
PHYS 226/M01,PHYS,226,M01,Intro to Modern Physics Lab,F,5:15 PM,6:55 PM,MC61,812,2025SP,2253_D_0006_NYIT1_1
PHYS 310/M01,PHYS,310,M01,Optics,TR,9:30 AM,10:50 AM,MC26,207,2025SP,2253_S_1121_NYIT1_1
PHYS 320/M01,PHYS,320,M01,Quantum Mechanics I,MW,1:40 PM,3:20 PM,EGGC,409,2025SP,2253_S_1122_NYIT1_1
PSYC 101/M01,PSYC,101,M01,Introduction to Psychology,MW,8:00 AM,9:20 AM,MC61,624,2025SP,
PSYC 120/M01,PSYC,120,M01,Career Development in Psych,TR,11:00 AM,12:20 PM,MC61,822,2025SP,
PSYC 220/M01,PSYC,220,M01,Child Psychology,MW,9:30 AM,10:50 AM,EGGC,405,2025SP,
PSYC 330/M01,PSYC,330,M01,Comm & Interv Tech,M,11:00 AM,12:20 PM,MC26,401,2025SP,
PSYC 330/M01,PSYC,330,M01,Comm & Interv Tech,W,11:00 AM,12:20 PM,MC26,408,2025SP,
PSYC 338/M01,PSYC,338,M01,Health Psychology,MW,12:30 PM,1:50 PM,MC61,721,2025SP,
PSYC 370/M01,PSYC,370,M01,Intro Res Methds,TR,9:00 AM,10:50 AM,MC61,722,2025SP,
QANT 300/M01,QANT,300,M01,Production & Operations Mgmt,MW,2:00 PM,3:20 PM,MC26,504,2025SP,
QANT 405/M01,QANT,405,M01,Management Science,MW,11:00 AM,12:20 PM,MC26,504,2025SP,
QANT 501/M01,QANT,501,M01,Business Statistics,F,7:10 PM,8:30 PM,MC26,504,2025SP,
QANT 510/M01,QANT,510,M01,Prod Op Mgmt,F,8:30 PM,9:50 PM,MC26,504,2025SP,
QANT 620/M01,QANT,620,M01,Decision Models,R,5:45 PM,7:05 PM,MC26,504,2025SP,
QANT 630/E25,QANT,630,E25,Operations & Supply Chain Mgmt,TR,2:00 PM,4:45 PM,MC26,504,2025SP,
QANT 630/M01,QANT,630,M01,Operations & Supply Chain Mgmt,T,5:45 PM,8:25 PM,MC26,504,2025SP,
WRIT 110/M01,WRIT,110,M01,Bas Wrt/Rdg Intl,W,12:30 PM,3:20 PM,MC61,722,2025SP,
WRIT 110/M01,WRIT,110,M01,Bas Wrt/Rdg Intl,M,12:30 PM,2:30 PM,MC61,722,2025SP,
WRIT 210/M01,WRIT,210,M01,Workshop in Publication,T,12:30 PM,1:50 PM,MC26,207,2025SP,2253_S_0791_NYIT1_1
WRIT 220/M01,WRIT,220,M01,Workshop in Publication,T,12:30 PM,1:50 PM,MC26,207,2025SP,2253_S_0791_NYIT1_1
WRIT 230/M01,WRIT,230,M01,Workshop in Publication,T,12:30 PM,1:50 PM,MC26,207,2025SP,2253_S_0791_NYIT1_1
