room_id,event_id,event_day,start_time,end_time,available
EGGC319,7cb98462-85d9-437a-a6d9-d593e736ff30,M,9:00 AM,1:00 PM,False
EGGC319,0b37b3c4-ac18-43c4-b2c8-ee1731965b09,M,2:00 PM,6:00 PM,False
EGGC319,8088fd04-d3ea-44e2-8ea3-2f1a20ee628f,T,11:00 AM,12:20 PM,False
EGGC319,ce5d88e5-4126-46d5-b38c-03072edd19e9,W,9:30 AM,12:20 PM,False
EGGC319,92c2b61f-9856-4c9a-aaac-e673af052369,W,12:30 PM,3:20 PM,False
EGGC319,651d4687-6e0d-4b1c-8fff-712dc392259b,F,11:00 AM,1:50 PM,False
EGGC319,6734e509-e7dd-4580-968a-4e07aa1a2703,TR,8:50 AM,10:50 AM,False
EGGC319,858cf22a-df2b-461a-9eb5-b83255ab80a7,T,5:45 PM,8:25 PM,False
EGGC401,3798b2ac-8fe6-4442-9fa0-f6b59e77c8b6,MW,11:00 AM,12:20 PM,False
EGGC401,bd321f1e-64ee-4ca1-9138-d90cc81d5bce,MW,3:30 PM,4:50 PM,False
EGGC401,f1de7e34-aa4a-4aab-992d-1ffaf36e81a9,MW,2:00 PM,3:20 PM,False
EGGC401,42a82af4-fef2-4288-a6c8-304001e2f650,F,5:45 PM,8:25 PM,False
EGGC401,e0fbd499-36d6-404a-af12-51d98dd214df,TR,11:00 AM,12:20 PM,False
EGGC401,304be62d-c525-48ef-8304-77dc3a49adcb,TR,5:30 PM,7:55 PM,False
EGGC401,ccdecc04-2f05-45cd-9205-be4d54c0d1ed,MW,5:30 PM,7:55 PM,False
EGGC401,3f7db323-d4d2-46f6-aed4-aaa4c773c067,MW,12:30 PM,1:50 PM,False
EGGC401,79e811c8-adbf-4be0-ade4-66dc17c7b963,TR,2:00 PM,4:25 PM,False
EGGC401,3a195630-6c51-4e27-9e21-6dda3334d34c,MW,9:10 AM,10:50 AM,False
EGGC405,c429ab1c-7f48-4404-9936-6a67149663d2,MW,11:00 AM,12:20 PM,False
EGGC405,0e2884d9-1f64-492f-b127-0bb910d339ce,W,3:30 PM,4:50 PM,False
EGGC405,6d30ca42-e171-42de-a352-5db466cff07b,R,2:00 PM,4:50 PM,False
EGGC405,055b0b49-ffa6-4833-a7df-0dc375e3511b,MW,12:30 PM,1:50 PM,False
EGGC405,b9c56606-6d47-4ed5-b4fe-204adb06592d,R,2:00 PM,4:50 PM,False
EGGC405,df762795-5051-4fb7-b72f-4ebeaec3af36,T,5:45 PM,8:25 PM,False
EGGC405,f340c06c-d449-4872-90a7-21028c275aec,T,5:45 PM,8:25 PM,False
EGGC405,81e5093f-6acb-4200-8565-41829752e1d8,M,5:45 PM,8:25 PM,False
EGGC405,c02db37a-a096-4eea-8f6c-86e8de9f68de,TR,9:30 AM,11:55 AM,False
EGGC405,5d32baf0-19e1-4e17-af1f-31d35db7e5b9,MW,9:30 AM,10:50 AM,False
EGGC406,f7ced089-a524-49e2-97ae-485a2856eeb4,M,2:00 PM,5:00 PM,False
EGGC406,d1d4932b-77da-49c3-a09b-b50ecb2aeaaf,MW,11:00 AM,12:20 PM,False
EGGC406,9d42329e-0829-4bb2-8b98-b73d9b0675b0,MW,12:30 PM,1:50 PM,False
EGGC406,4088f1e0-86ca-4caf-b303-89a9044d7249,MW,9:30 AM,10:50 AM,False
EGGC406,3d836d16-4174-4156-a6ae-fe840d90200c,R,3:30 PM,6:10 PM,False
EGGC406,767035cc-90c9-47ca-8f49-0d9f3ecedb5f,W,2:45 PM,5:25 PM,False
EGGC406,8534dacf-ad4b-4308-a183-f57e10c45919,TR,2:00 PM,3:20 PM,False
EGGC406,dc3bf134-fc67-4e38-9388-028bf8461eb6,TR,2:00 PM,3:20 PM,False
EGGC406,ca55e584-97e3-43ca-834f-678aadd0907a,M,5:45 PM,8:25 PM,False
EGGC406,39d670ef-b99a-45c3-ae25-82f7bb8bcfbe,TR,9:30 AM,10:50 AM,False
EGGC406,c5b0b82d-8306-4138-b1db-7d6809b74f84,F,12:45 PM,2:05 PM,False
EGGC408,b32ba0fd-6015-4adb-82d6-5ab0b3462990,M,5:30 PM,9:10 PM,False
EGGC408,e8f4b35d-22bf-4747-8ca0-105b81a773c9,M,5:30 PM,9:10 PM,False
EGGC408,04d503ac-5a0e-48c9-8c76-6ed0b1873f06,M,2:00 PM,4:50 PM,False
EGGC408,77542a41-7f5f-4f51-b118-1e08cdc8ded5,W,3:30 PM,4:50 PM,False
EGGC408,07d07252-dbd4-4786-92d7-548166eec93b,W,3:30 PM,4:50 PM,False
EGGC408,4fe26cf9-96f9-430c-816e-dbf2caab5b8b,M,2:00 PM,4:50 PM,False
EGGC408,4f72b76f-19fe-480a-b6bf-d660c347f0e4,M,5:30 PM,9:10 PM,False
EGGC408,b84a4a5b-4412-4227-aff2-5109a6c44f84,M,2:00 PM,4:50 PM,False
EGGC408,d9d722af-1ec4-47f4-8409-fcb47080f0ad,W,3:30 PM,4:50 PM,False
EGGC408,687e85cd-50c5-461e-98d6-63e72bc31571,TR,11:00 AM,12:20 PM,False
EGGC408,7d4f19be-2526-4801-9329-adc6aecef6e5,TR,9:30 AM,10:50 AM,False
EGGC408,cfc85961-4179-4365-83b3-2f224c11fbfc,T,5:45 PM,8:25 PM,False
EGGC408,4a909b4f-f123-4990-997c-e7c15e81dcfb,WF,11:00 AM,12:20 PM,False
EGGC408,cf8efa1a-5171-4061-953f-db4cf2eace91,T,2:00 PM,3:20 PM,False
EGGC408,b01e2864-c355-4b79-a457-1acbf6347315,R,2:00 PM,3:20 PM,False
EGGC408,559d7691-7d08-490c-ba61-ecbdbf754779,F,12:30 PM,3:10 PM,False
EGGC408,9672aef7-3d16-4906-b326-fed1d60583ef,WF,11:00 AM,12:20 PM,False
EGGC408,be011ec0-a178-4918-9b2c-8ced99062f66,R,2:00 PM,3:20 PM,False
EGGC408,31fa0a32-7503-4395-8c15-4be08087fa66,T,2:00 PM,3:20 PM,False
EGGC408,586665b9-7419-4586-81f2-ad810736ae70,F,12:30 PM,3:10 PM,False
EGGC408,2f07bed8-8839-4283-ae7f-2a1149bda7d9,W,5:30 PM,7:20 PM,False
EGGC408,b96da14c-80f6-4960-9b8d-4e7c82510001,TR,3:30 PM,4:50 PM,False
EGGC409,527e6f39-db8a-46b4-9641-9491ed202e6c,R,9:00 AM,12:00 PM,False
EGGC409,2801e87c-7a99-4508-b9b6-d8baf5d2b9e4,T,5:45 PM,8:25 PM,False
EGGC409,cf31d9a1-9ddc-43c1-9ef9-eb71806c1b7e,TR,2:00 PM,3:20 PM,False
EGGC409,c459571a-284d-47e5-a277-d9bacd1807a0,MW,11:00 AM,12:20 PM,False
EGGC409,4b9ef8bc-8e94-441c-af60-c28334e18d73,T,5:45 PM,8:25 PM,False
EGGC409,05736f03-448c-4c2b-a213-5449c35e0a80,T,5:45 PM,8:25 PM,False
EGGC409,02237b40-2272-4ce1-a0de-5927726c54e5,F,9:30 AM,12:20 PM,False
EGGC409,42704435-f196-4098-a680-5be52e5e2c28,M,5:45 PM,8:25 PM,False
EGGC409,0284e027-e0de-42a0-978b-9beafb2baa1d,T,9:30 AM,10:30 AM,False
EGGC409,df8ebd2d-86b5-4f65-8630-448f7ebd1c63,MW,1:40 PM,3:20 PM,False
EGGC501,4004d42d-1052-497e-a461-b1efbdc0b8f8,F,2:00 PM,6:00 PM,False
EGGC501,70bce386-78b6-4269-a6bf-6deaae8de587,W,2:00 PM,5:40 PM,False
EGGC502,af743a50-a38a-42d9-b870-b59114d743b7,TF,9:00 AM,12:40 PM,False
EGGC502,36ee3c0d-7181-4de5-95d9-48bef8ae29de,TF,9:00 AM,12:40 PM,False
EGGC502,2a8c1371-15ee-4b83-9905-8309331d62a7,TF,9:00 AM,12:40 PM,False
EGGC502,2bee54d4-3042-4458-b743-b75a78498379,TF,9:00 AM,12:40 PM,False
EGGC502,fde485dd-ff3b-4b61-b1f6-20bcf9969e4a,TF,9:00 AM,12:40 PM,False
EGGC502,1bb09dcd-0c7d-4564-854a-11169ebb7cce,TF,9:00 AM,12:40 PM,False
EGGC502,fc7b27b5-4751-410f-8a47-f599889670de,TF,2:00 PM,5:40 PM,False
EGGC502,b215d259-5215-4c0c-8645-5ad314585b54,TF,2:00 PM,5:40 PM,False
EGGC502,f2f81a40-6783-4c11-a8ba-5a6c0b0bacfd,MR,9:00 AM,12:40 PM,False
EGGC502,e1fba461-c2f7-4a38-ae74-ce176398dd58,MR,9:00 AM,12:40 PM,False
EGGC502,fb2098a2-23bc-490a-a0c0-50157c76f335,MR,9:00 AM,12:40 PM,False
EGGC502,5074f809-4d8f-49af-9cbb-d20957a0947c,MR,9:00 AM,12:40 PM,False
EGGC502,79fe420e-313b-4fc9-aa8d-0dc215466948,MR,9:00 AM,12:40 PM,False
EGGC502,b83d1106-1f7d-40c0-ae8d-187bfb4eed7b,MR,9:00 AM,12:40 PM,False
EGGC502,ce70bb87-bebf-4c6d-bcaa-daebf8022492,MR,9:00 AM,12:40 PM,False
EGGC502,4d59ebcb-c0cd-4c05-ac6d-7f48c3e53425,MR,2:00 PM,5:40 PM,False
EGGC502,83a425b8-bb0f-419c-a840-31a7bc3d56e8,MR,2:00 PM,5:40 PM,False
EGGC502,3d6ab395-364a-462f-9ec3-0a2bb3fccbaf,MR,2:00 PM,5:40 PM,False
EGGC502,9b4799de-24ee-4267-beb8-b71c53c8d77a,MR,2:00 PM,5:40 PM,False
EGGC502,760700bd-d1a9-47b5-a803-564982f3fcd1,MR,2:00 PM,5:40 PM,False
EGGC502,0e2ba7e8-32fa-4c94-bc21-b272a8e28a19,TF,9:00 AM,12:20 PM,False
EGGC502,98bd0235-1965-408c-84b0-c1cbfa4fb00c,TF,9:00 AM,12:00 PM,False
EGGC502,ed1cc70b-4661-4185-b5a5-350470e85aa4,MR,9:00 AM,12:40 PM,False
EGGC602,02c6e447-1bee-4b94-81a2-8475bbd3407d,TR,2:00 PM,5:40 PM,False
EGGC602,77637fb2-ca60-4311-b515-b9cf8f37d84e,R,10:30 AM,1:00 PM,False
EGGC602,20bf9993-4d0a-4aa9-9b29-16965f8f8ba6,T,10:30 AM,1:00 PM,False
EGGC602,6a8b56f3-f3a2-440b-88a8-e5c8f7b6af84,W,2:00 PM,4:30 PM,False
EGGC602,c9acc32d-ca9f-4338-8e9e-4829c8dd4424,T,10:30 AM,1:00 PM,False
EGGC602,81806ac8-e78a-486c-82cb-4901e8c3aec1,R,2:00 PM,5:30 PM,False
EGGC602,50442d4b-987f-4e33-a25c-2a8e804fbc83,W,9:00 AM,12:00 PM,False
EGGC606,934e3ce9-457d-4e1d-b5c5-19c389e4b0fd,M,9:00 AM,12:00 PM,False
EGGC606,7bb95aea-43dd-49e3-9069-08d54220e868,W,2:00 PM,5:00 PM,False
EGGC606,39316518-46c0-44a3-a73e-863f49b26791,TR,3:30 PM,4:50 PM,False
EGGC606,6578c307-fc10-403e-94ab-d8be6c5742cb,TR,2:00 PM,3:20 PM,False
EGGC606,7c68a4b6-fcd2-42f5-80c5-a87e9fa41bc1,TR,2:00 PM,3:20 PM,False
EGGC606,22411785-b13e-4242-adf7-b522dd222318,W,9:10 AM,10:55 AM,False
EGGC606,f9a1e63a-90d1-4f83-bb3b-e76df5f43f2f,TR,11:00 AM,12:20 PM,False
EGGC606,544f0fa6-5d52-486d-99a6-a56b78452a4a,MW,12:30 PM,1:50 PM,False
EGGC606,ab83a6fc-7877-42e2-8092-ae071fe4da67,F,9:30 AM,11:50 AM,False
EGGC606,087deda6-5964-4af9-889d-7180614fb11b,M,3:30 PM,6:10 PM,False
EGGC607,0bf57f7f-2437-4a6e-af00-1aad6ff9d705,W,11:00 AM,1:40 PM,False
EGGC607,3913223c-4c5a-434d-9f7f-eb67c3971bb1,T,9:30 AM,12:20 PM,False
EGGC701,86ca8fd7-6b55-4486-8ed6-9e8b7c4da583,M,9:00 AM,12:00 PM,False
EGGC701,caae30b1-5285-4930-a2b6-50de4276dd42,TR,9:30 AM,10:50 AM,False
EGGC701,46ce9f1c-7bee-4b7d-9a56-cd1240d52b21,M,2:00 PM,4:40 PM,False
EGGC701,60b07a71-6589-463a-9166-babe3e18dab4,W,11:00 AM,1:40 PM,False
EGGC701,31e8e46f-c3f8-4ced-8600-0b113f0f6ff9,W,2:00 PM,4:40 PM,False
EGGC701,e685d834-a237-44f4-a385-24ed6c001eda,F,2:00 PM,5:00 PM,False
EGGC701,f33dae0e-97e5-4030-b489-6eb91c013481,R,2:00 PM,5:00 PM,False
EGGC701,c0077da4-dcf1-4455-8b6d-b937110a33e9,T,2:00 PM,5:00 PM,False
EGGC701,1cb8656a-3616-4557-be55-e5d2adceed1f,W,8:35 PM,11:15 PM,False
EGGC702,74ac6559-7099-456f-9497-f0752b832c50,W,5:30 PM,8:30 PM,False
EGGC702,91742693-81b1-4336-a455-8dbdda6edc99,TR,11:00 AM,12:20 PM,False
EGGC702,76a3dd50-0dc8-4f6f-aaf4-87736b2dff31,TR,9:30 AM,10:50 AM,False
EGGC702,9703d01d-fd46-40e3-b012-382d5cf8ca9e,MW,9:30 AM,10:50 AM,False
EGGC702,284b88b6-ea7f-46dd-8be9-a2feee5491c6,MW,12:30 PM,1:50 PM,False
EGGC702,4c94a405-d682-4b12-8ef3-999b1d0f7c57,W,2:00 PM,5:00 PM,False
EGGC702,e3a044ad-afee-41d2-afc7-686956fbd28e,T,6:15 PM,7:15 PM,False
EGGC702,460d92e7-f030-496d-a37f-1205b1f662d5,T,2:00 PM,4:50 PM,False
EGGC702,ffc5f0df-0a55-4006-89e4-999380f8a5f6,F,9:30 AM,12:30 PM,False
EGGC702,10c26620-4aa5-4ed1-90b4-6673f6bb7dfc,MW,11:00 AM,12:20 PM,False
EGGC704,0035bde4-688e-49ca-8051-a0e69516f87e,R,5:45 PM,8:25 PM,False
EGGC704,3a05d284-5623-43f5-ab43-c2a87e415623,F,3:30 PM,6:20 PM,False
EGGC704,08ddfcf6-07b3-467c-aad2-f4ac725d4b97,MW,9:30 AM,10:50 AM,False
EGGC704,1ce37c5d-dcf3-464d-9065-e386b317eab5,TR,9:30 AM,10:50 AM,False
EGGC704,1a46b5c3-3675-4b1a-8c98-d7e42d0d3ef6,TR,11:00 AM,12:20 PM,False
EGGC704,849b972b-d6c8-409f-b7c7-b897525e8338,F,9:35 AM,12:05 PM,False
EGGC704,15aea7dd-0149-4498-9a7d-e033c6812367,R,2:00 PM,4:40 PM,False
EGGC704,f2b5cf7d-7944-4646-97b0-ce95109d8684,M,5:45 PM,8:25 PM,False
EGGC704,e3e08bd4-ba5d-46f8-9da7-b24cf9614a37,MW,12:30 PM,1:50 PM,False
EGGC704,7982b347-646c-4671-a400-ca014697bd7f,MW,11:00 AM,12:20 PM,False
EGGC704,df6fe05b-a810-44de-a7c5-32bb2c8042c4,T,5:45 PM,8:25 PM,False
EGGC704,ed4f14da-4c3a-497f-b78a-54ecb629dddc,MW,2:00 PM,3:20 PM,False
EGGC706,82088a3c-bded-487c-84a3-99485cedfde9,W,9:00 AM,12:00 PM,False
EGGC706,6d38aaf1-ea50-4bef-8eeb-ce1822af985b,F,2:00 PM,5:00 PM,False
EGGC706,05e4c099-f801-4055-88bc-079528c0d29e,F,5:45 PM,8:25 PM,False
EGGC706,2d9dd3ec-b248-45a3-9a48-229d7bace479,TF,9:00 AM,12:20 PM,False
EGGC706,ae54fe3e-8f1d-4c58-a13b-61435dcb78b4,W,12:10 PM,1:50 PM,False
EGGC706,907685ab-4e1d-4c9a-bf8a-9f9f0a207eb3,MR,9:00 AM,12:00 PM,False
EGGC706,1832d64c-37af-459a-b057-2d8a103d5a49,W,5:45 PM,8:25 PM,False
EGGC706,14ea6bc8-718c-49ec-b48c-ed6dd9ce184c,R,5:45 PM,8:25 PM,False
EGGC706,e57cf335-d947-4684-a0aa-15b0c7c0219b,TR,2:00 PM,4:25 PM,False
EGGC706,c50973c6-90f3-488b-b4f3-e3cfb3c171dd,MW,2:00 PM,4:25 PM,False
EGGC706,c9407c4b-6748-4cf5-8547-3a78dab02d0a,M,5:45 PM,8:25 PM,False
EGGC901,71e16b8c-a505-4e3b-a7f6-a28984d00ea9,R,9:30 AM,12:20 PM,False
EGGC901,665d5a6e-a64f-4420-935a-5280d2cf0dfa,T,9:35 AM,12:35 PM,False
EGGC901,fec157be-136f-4f5a-9492-ee63c27781e1,M,2:00 PM,4:50 PM,False
EGGC901,d5379ac1-4c34-4f62-b915-7a1aec453e07,W,2:00 PM,4:50 PM,False
EGGC901,c4ca14ec-897b-4db2-8ad6-3cfc260f1bc4,W,6:00 PM,8:25 PM,False
EGGC901,10abdb48-bea8-424f-b06a-681173059938,F,2:00 PM,4:50 PM,False
EGGC901,9ec2df2e-c759-49c2-aa79-b461f681b79c,R,5:45 PM,8:25 PM,False
EGGC901,ee48f158-4b06-40c6-88bc-5c0e7588fc4a,R,2:00 PM,4:50 PM,False
EGGC901,6c85fd9f-0462-41ff-b129-405853179807,T,5:30 PM,8:30 PM,False
EGGC901,2f1903e5-421e-4ebe-b74e-c87e5f9e815d,T,2:00 PM,4:50 PM,False
EGGC901,e372d19c-f248-4207-9ce2-be6da32e9942,F,11:00 AM,1:50 PM,False
EGGC902,1b8f2c63-b561-4453-8d88-b216fb143425,F,5:30 PM,8:10 PM,False
EGGC902,e8d13191-d186-4c9f-80e4-6acecc1d170f,W,5:30 PM,8:10 PM,False
EGGC902,01a4f50e-2201-42c8-aa8c-33c76c702f4c,W,11:00 AM,1:50 PM,False
EGGC902,82e74097-5b7a-4246-85ab-e914a07487f1,F,11:00 AM,1:50 PM,False
EGGC902,794b6308-d31e-4bfc-9e50-b4f33108f3ef,T,9:30 AM,12:30 PM,False
EGGC902,a859017a-f644-477f-b9b0-45f29d20d834,R,2:00 PM,4:50 PM,False
EGGC902,f7bceda9-77de-470e-a185-c1d7e8d9ad9e,R,5:30 PM,8:10 PM,False
EGGC902,51f51f3c-d5f4-4642-8f98-002abeea5862,T,5:30 PM,8:30 PM,False
EGGC902,cbbeabe6-99af-4123-a97f-d297cc64f35e,M,2:00 PM,4:50 PM,False
EGGC902,a0205303-c707-4b8c-9762-fb115f344f46,W,2:00 PM,4:50 PM,False
EGGC902,594e2aac-66ca-4bcd-9e71-82edd8c5147c,M,5:30 PM,8:30 PM,False
EGGC903,a5930ed0-4765-41a6-8019-22b0b488a3d9,T,9:30 AM,12:20 PM,False
EGGC903,76624f67-4fcf-484e-bd5e-4252548db5bc,R,2:00 PM,4:50 PM,False
EGGC903,39827a08-0160-4613-b94b-f95951072f3a,R,5:30 PM,8:10 PM,False
EGGC903,76ae90f4-d9e1-457f-8528-6d50a00b0031,R,5:30 PM,8:10 PM,False
EGGC903,080f7f36-b005-452f-b4b0-b845ba1c6bfe,R,8:20 PM,9:10 PM,False
EGGC903,8823cd6d-3257-402d-8fb9-891c576bb9bc,R,8:20 PM,9:10 PM,False
EGGC903,316fa7e3-6191-4f80-a506-95f44c97311d,T,5:30 PM,8:10 PM,False
EGGC903,c27ff485-89b0-44d2-9a24-7b0e3cdcaccb,R,5:30 PM,8:10 PM,False
EGGC903,aeb6987d-b767-493b-9bfe-aada3aa071b9,R,8:20 PM,9:10 PM,False
EGGC903,98769899-6d5b-4f3b-9a01-43e1161b958d,F,2:00 PM,4:50 PM,False
EGGC903,667bb4dc-f4aa-4efd-ba37-c9dba6a5538e,R,9:30 AM,12:30 PM,False
EGGC903,a179f309-1879-436b-b05f-75e74c884158,W,2:00 PM,4:50 PM,False
EGGC904,7025e9dc-98fb-4f76-ace9-83921a8f0a84,M,2:00 PM,4:50 PM,False
EGGC904,56e7c7df-000c-4a04-bcdd-81268564e64d,M,5:30 PM,8:10 PM,False
EGGC904,037f1f92-9389-4ba3-aac7-de6d388a7433,R,5:30 PM,8:10 PM,False
EGGC904,0f2c9c24-9cdf-49b5-bed1-44df2381866e,R,2:00 PM,4:40 PM,False
EGGC904,e48c8550-c3e3-4f1d-be09-2c0fe34d8ec4,W,2:00 PM,4:40 PM,False
EGGC904,2bb17fce-239c-44a0-95b6-1933557e2b4a,T,2:00 PM,4:50 PM,False
EGGC904,e2f45e5a-0f41-46d2-adf2-8357c6d384ef,W,2:00 PM,4:50 PM,False
EGGC1011,7462da4d-5fcf-422e-9f7c-c620c5ff1575,T,2:00 PM,5:00 PM,False
EGGC1013,9cbbda5b-e92d-4cfa-be3c-db8ca05055dc,M,9:00 AM,1:00 PM,False
EGGC1013,6d96af54-7c86-4f79-86f4-4f45c3017693,W,2:00 PM,5:00 PM,False
EGGC1013,eea5ba6c-d45d-4271-99f0-1bb928c24d28,TF,9:00 AM,12:40 PM,False
EGGC1013,7a2b3221-f582-4f09-934d-b5c87aa1430e,TF,9:00 AM,12:40 PM,False
EGGC1013,3817b7bb-3f84-40f0-a318-a2834cd88516,TF,9:00 AM,12:40 PM,False
EGGC1013,3502eb62-03f2-4c36-a634-cae203c72575,TF,9:00 AM,12:40 PM,False
EGGC1013,51a3e62a-b56a-46aa-8b2f-e4189f4e2c46,TF,2:00 PM,5:40 PM,False
EGGC1013,2997c7f3-eb8f-4b88-8187-8dcbdf7ca956,TF,2:00 PM,5:40 PM,False
EGGC1013,63b83df5-c5f9-4fa6-b630-aa876999e877,TF,2:00 PM,5:40 PM,False
EGGC1013,e7f3ddcc-b4d7-4e9d-8853-3f1fed04fffd,TF,2:00 PM,5:40 PM,False
EGGC1013,6e1024e9-8f85-4371-9923-29506bb7f607,TF,2:00 PM,5:40 PM,False
EGGC1013,d1b196d2-5c12-4377-aa4d-bd58b73bfe7b,W,2:00 PM,5:00 PM,False
EGGC1013,cb295f96-74ab-4d86-927e-b29974fca8ba,MR,9:00 AM,1:00 PM,False
EGGC1013,757deabd-1c8f-44cc-bbf2-49b17821d01e,MR,9:00 AM,1:00 PM,False
EGGC1013,e72d8fea-76d6-481f-89ae-6d66a58c460f,M,2:00 PM,5:00 PM,False
EGGC1119,73f87f1d-3ecc-4b61-be1c-84705672eefc,TF,9:00 AM,1:00 PM,False
EGGC1119,046926cb-b871-41a0-b50c-ac8048081103,MR,9:00 AM,1:00 PM,False
EGGC1119,fbb544d4-1324-45bb-80de-afba514252b9,MR,9:00 AM,1:00 PM,False
EGGC1119,38fc6d10-63c5-4b21-9a63-f33c7a4d48c6,M,2:00 PM,5:00 PM,False
EGGC1119,6dc464d0-4537-4172-89f6-097e3b05459d,W,2:00 PM,5:00 PM,False
EGGC1119,e5523de2-5e4d-41e2-88dc-36aef4585496,W,10:00 AM,1:00 PM,False
EGGC1120,79e073f9-a344-48ac-81f4-511261b0297f,W,2:00 PM,5:00 PM,False
EGGC1120,a87cb6f5-5d0a-4b8d-896b-0ced80dc960f,M,2:00 PM,5:00 PM,False
EGGC1120,38da1418-a659-403d-8c35-142964507fdd,MR,9:00 AM,1:00 PM,False
EGGC1120,5b93a808-4903-4946-ab2a-855443488607,M,2:00 PM,5:00 PM,False
EGGC1120,615c2928-b7ed-432b-afa2-bc671077455c,W,9:30 AM,12:30 PM,False
EGGC1120,d851baca-e226-40fa-9dc9-bfa7b9596cf6,R,3:00 PM,6:00 PM,False
MC26011,939a5718-1314-4e6b-b5cd-993273a3ac9d,MW,11:00 AM,12:20 PM,False
MC26011,0ced1f14-aa04-4591-b03e-46d52209aa94,M,5:45 PM,8:25 PM,False
MC26011,2a360fed-d27e-423a-ac84-eec0c471d84c,TR,3:30 PM,5:55 PM,False
MC26207,e81aa4d4-7b46-45ed-a544-e574b4549a5a,MW,11:00 AM,12:20 PM,False
MC26207,f8771557-d7c8-4510-931c-4523b4cb4069,MW,11:00 AM,12:20 PM,False
MC26207,968cd44a-cd3f-4bd5-995e-43175d6d1ba3,W,5:45 PM,8:25 PM,False
MC26207,b054b4a7-5523-4bf4-b9c8-e6293d0ef694,T,2:00 PM,4:40 PM,False
MC26207,b3bc067f-0e68-4cdf-9c5d-6f29dda6abb0,MW,2:00 PM,3:20 PM,False
MC26207,5bc22a55-c2ca-46f2-a074-59dad0a01870,F,12:30 PM,1:50 PM,False
MC26207,6a5396fe-f49e-4e61-ad84-eccddc153a93,F,2:00 PM,3:20 PM,False
MC26207,8f9a7878-7837-43dd-8301-f743e24ebe60,R,2:00 PM,4:50 PM,False
MC26207,9994f183-c9e1-44db-b470-2d5494e25d67,W,12:45 PM,2:00 PM,False
MC26207,900d748b-7a3e-4473-9977-341d7d8b5a28,T,5:45 PM,8:25 PM,False
MC26207,38f7b7da-198f-4de1-9bd1-17cad96cab8a,R,5:45 PM,8:25 PM,False
MC26207,b7b57bb6-fbb1-4e84-a9a4-e8ae988b9512,TR,9:30 AM,10:50 AM,False
MC26207,8cc37313-428c-425a-8af0-3082f7ed50ff,T,12:30 PM,1:50 PM,False
MC26207,0ef1e03d-c630-47ab-baea-6c18f4e70b73,T,12:30 PM,1:50 PM,False
MC26207,6f9778c2-7dbf-4bac-bc14-4a714e44d637,T,12:30 PM,1:50 PM,False
MC26312,c10eca31-f8b0-4bb3-9969-7a0456d570fe,MW,3:30 PM,4:50 PM,False
MC26312,3da5f8fb-7344-46dd-9ee7-f49e109c7d20,TR,3:30 PM,4:50 PM,False
MC26312,a68d9622-a059-444e-9cc8-e267d0356d88,W,5:45 PM,8:25 PM,False
MC26312,7d454238-b772-4ee7-90c2-e628024383bf,W,5:45 PM,8:25 PM,False
MC26312,8f11e523-ef37-4fc8-8473-c9ef6dc1053f,R,5:45 PM,8:25 PM,False
MC26312,092488f8-2012-4697-af68-9f830cbbfd37,M,5:45 PM,8:25 PM,False
MC26312,afb9f00a-be81-4517-814b-9e88b15c867c,R,5:45 PM,8:25 PM,False
MC26312,b4ecd9a6-5cb5-492c-9924-240ec50d7820,W,5:45 PM,8:25 PM,False
MC26312,85918cc9-ed9c-4289-aeec-d492d15f775a,MW,9:30 AM,10:50 AM,False
MC26312,fe007a3d-ea2d-4c40-8364-3a32b57a6a18,MW,11:00 AM,1:25 PM,False
MC26312,348f8128-0922-4c56-a153-7bd3ead1e00e,MW,2:00 PM,3:20 PM,False
MC26313,106fa282-178c-418e-8927-9242a566f33e,W,2:45 PM,5:25 PM,False
MC26313,bcc09732-1e47-4b96-ba4a-8c163e11524e,MW,11:00 AM,12:20 PM,False
MC26313,ae74f655-e34d-4e69-a6ef-4987e7634e96,TR,11:00 AM,12:30 PM,False
MC26313,d49e3ef1-e377-477e-be19-1233a8997d83,TR,9:30 AM,10:50 AM,False
MC26313,49747a0a-1769-4a7c-8eff-2841ae85ff75,TR,2:00 PM,4:25 PM,False
MC26313,f49fb4ce-e6a6-4337-9203-ab77de3af400,T,5:45 PM,8:25 PM,False
MC26313,1dc5da9d-ee5b-4851-88de-e297e883e492,M,2:45 PM,5:25 PM,False
MC26313,1234d2c3-e89e-43d2-a6d6-ef30b2403d79,W,5:45 PM,8:25 PM,False
MC26314,c49a2cf4-be80-46b3-a4dc-88b18c78596c,M,2:00 PM,5:00 PM,False
MC26314,f24304b4-3641-436b-be1d-5f571e60adb8,T,5:45 PM,8:25 PM,False
MC26314,42c68955-8de1-40bd-a497-f67bf1763adc,T,5:45 PM,8:25 PM,False
MC26314,915dfee6-8b61-448b-9d91-5a948250ea05,T,5:45 PM,8:25 PM,False
MC26314,f32ecc31-1e27-4e02-9983-0a7ddb789971,W,9:30 AM,12:10 PM,False
MC26314,542d7b6c-398b-434c-bf5b-db8d1478f406,MR,9:00 AM,12:00 PM,False
MC26314,8e1131e6-828f-4353-a7d0-7eed3cc409b2,F,2:45 PM,5:45 PM,False
MC26314,3308c59c-7ef0-4f80-8a5e-308d3c6a1a25,T,2:45 PM,5:25 PM,False
MC26314,ebd3247e-fe7b-4a8e-ad9b-9a61a7e8ab24,R,2:45 PM,5:25 PM,False
MC26314,fa1dcd3f-6722-4570-bbbc-76f25594c798,W,5:45 PM,8:25 PM,False
MC26401,59595255-b308-4366-aced-aa3b53a05900,M,2:00 PM,5:00 PM,False
MC26401,2e936e90-80fb-45f7-b0e1-f45650e25fae,W,9:00 AM,12:00 PM,False
MC26401,3d728772-80cb-4b3e-820a-afe2aba556bb,W,5:00 PM,7:30 PM,False
MC26401,d194e96e-9fc2-411b-82a8-75298d0c2788,W,2:00 PM,4:50 PM,False
MC26401,68d20f3c-52d1-4c7f-a1e3-a70ffa2dd4ba,TR,2:00 PM,3:20 PM,False
MC26401,87ffd036-9f18-477e-b144-e65b2b19500e,W,5:00 PM,7:30 PM,False
MC26401,c6425852-cb51-43e9-9dff-f141da4e47b3,M,11:00 AM,12:20 PM,False
MC26408,a8ce8456-eb50-4db0-8e19-170a7c2cd170,R,9:00 AM,12:00 PM,False
MC26408,1d99dd71-dd18-4db5-8a4b-570312a2abfa,M,9:30 AM,12:10 PM,False
MC26408,450d9613-6971-43b7-828c-401a47a2dd5d,TR,3:30 PM,4:50 PM,False
MC26408,6c73d0d1-811e-488a-9781-5449abc42d2c,W,5:45 PM,8:25 PM,False
MC26408,085b7ec5-a9e0-4c09-888a-f097893c734b,MW,2:00 PM,3:20 PM,False
MC26408,650245e1-e6c8-455a-b0f1-d05b3dbf52b2,W,11:00 AM,12:20 PM,False
MC26409,5e1a162e-f50a-475b-8956-7a039cb41d30,W,9:00 AM,12:00 PM,False
MC26409,933c9016-aa90-42dd-8b30-c0a3a1a3b48f,R,2:00 PM,4:50 PM,False
MC26409,3fa0525d-5bbc-4fff-8717-58bd42a4f34d,T,5:30 PM,9:10 PM,False
MC26409,33cef571-db4f-48ec-bfa6-3b2de96651da,T,5:30 PM,9:10 PM,False
MC26409,b7baef23-ee8e-4471-9842-23ddcc8b7c09,W,5:45 PM,8:25 PM,False
MC26409,6adf5f7e-6506-4b9a-ab7d-4994db0c599d,R,5:45 PM,8:25 PM,False
MC26409,cb95fb7f-783d-4b92-bcbe-acc2aed3127f,W,5:45 PM,8:25 PM,False
MC26409,75e669ca-a38f-4468-80e2-02912c3b5a5a,M,9:30 AM,12:15 PM,False
MC26409,dbb5b48f-6364-4510-bb33-ecb83e80cdbf,W,2:45 PM,5:25 PM,False
MC26410,af6748a5-479d-42ac-a2fc-0ea9ad606903,M,9:00 AM,1:00 PM,False
MC26410,684c9eb2-824b-44fd-8a37-b0de7e92c019,TR,9:30 AM,12:15 PM,False
MC26410,dc1ffcab-47a5-4e8b-ae09-671dcefbf052,M,2:00 PM,5:00 PM,False
MC26410,c0f99e1c-53a9-497a-9e10-077631e78e28,W,9:00 AM,12:00 PM,False
MC26502,d5b4e09c-50b3-4354-80a5-bf51d187e921,R,8:30 PM,9:50 PM,False
MC26502,e931379c-e21a-4f5c-bc3f-6017f61af6cc,T,5:45 PM,8:25 PM,False
MC26502,a2a1e247-043c-4840-9a93-1142f71d2555,R,5:45 PM,8:15 PM,False
MC26502,57048099-84c2-4d70-89c7-021172c41485,R,9:00 AM,12:00 PM,False
MC26502,e71c27bc-4bd1-4e9c-86e6-06c323649d5e,F,5:45 PM,8:25 PM,False
MC26502,51aa6104-c49e-42c4-a6fa-b3b7ba462c3c,M,2:45 PM,5:25 PM,False
MC26502,c639e239-39e4-4b19-b22a-e107d88683ed,TR,2:00 PM,3:20 PM,False
MC26502,58030e64-80a2-4137-94b5-2d2614f4d6f7,W,5:45 PM,8:25 PM,False
MC26502,2f55aaa0-f9c0-4f83-b7e7-28ab15e3df70,MW,9:30 AM,11:55 AM,False
MC26502,ab57b2cf-397a-4535-ba19-bba589a9e72c,W,2:45 PM,5:25 PM,False
MC26504,629c34dc-e0fa-4396-b7cc-aeafa41e7826,MW,9:30 AM,10:50 AM,False
MC26504,d5b1dd78-4048-472d-9818-8f60e3aea6aa,W,5:45 PM,8:25 PM,False
MC26504,e67cffb4-cc74-405c-b767-d4064f36b872,M,5:45 PM,8:25 PM,False
MC26504,3e43f80f-3f20-4966-99ee-fbfaef82b48b,R,7:10 PM,8:30 PM,False
MC26504,81ea8f8a-e979-452d-99e6-48249e5ea3c6,T,1:00 PM,5:25 PM,False
MC26504,c344daa4-2fc6-44c9-95a7-88d6167a52ac,MW,2:00 PM,3:20 PM,False
MC26504,392df161-d2f4-4c14-a3b9-697275d1da78,MW,11:00 AM,12:20 PM,False
MC26504,5b8d0a0e-ab58-4099-a369-e21e6ac48fb0,F,7:10 PM,8:30 PM,False
MC26504,f7aa3926-9066-4ebf-b26a-08116f04a819,F,8:30 PM,9:50 PM,False
MC26504,c7f8318d-b4f9-4619-9761-c5b5f557bacd,R,5:45 PM,7:05 PM,False
MC26504,cbdf7742-91a2-4ebf-8159-c49b79cbd623,TR,2:00 PM,4:45 PM,False
MC26504,a1ed1bf1-561c-4eb2-bb6f-e84ee0fa9ab2,T,5:45 PM,8:25 PM,False
MC61603,fa5a61de-4821-4220-8184-c5893123aa34,T,2:00 PM,4:50 PM,False
MC61623,369d6bad-a9f1-415d-bda4-6f72814b5c4f,MW,11:00 AM,12:20 PM,False
MC61623,996016c3-1d41-4d9a-b1f2-ec6906916b89,R,2:00 PM,3:20 PM,False
MC61623,51ac68e9-0065-47b1-a69b-8a3decedd7af,MW,2:00 PM,3:20 PM,False
MC61623,b3037148-1a87-472c-a29d-ae5f5cec21d0,MW,3:30 PM,4:50 PM,False
MC61623,20efde6c-f58b-4b4d-b35f-42fd2a0f12b7,W,5:30 PM,8:10 PM,False
MC61623,dfaf71b3-25c0-4746-a315-f9fe9c26f4f6,TR,5:30 PM,8:10 PM,False
MC61623,a1c37b4c-c80d-4318-b711-9a776d85381b,TR,10:00 AM,12:25 PM,False
MC61623,5bce549e-6279-44b5-8278-10ac2840df10,TR,6:10 PM,8:25 PM,False
MC61624,4086a783-fd61-4e63-b9e9-0d434193623a,MW,12:30 PM,1:50 PM,False
MC61624,80bbaa6a-fd60-49fc-a41e-1ab6d46fbec1,T,5:30 PM,8:10 PM,False
MC61624,348f2357-5858-40e7-8386-fd241efaa925,T,5:30 PM,8:10 PM,False
MC61624,2f3670d3-8a8a-4b9f-a817-d8ffd946c4b4,M,5:30 PM,9:10 PM,False
MC61624,f6705d36-552c-4b8c-b851-b4dae73ff21d,M,5:30 PM,9:10 PM,False
MC61624,fb829e92-8aa7-48ea-9fd1-b9df198e2648,MW,9:30 AM,10:50 AM,False
MC61624,51ac721f-0485-4271-9692-485cc702e0dd,MW,9:30 AM,10:50 AM,False
MC61624,9f738a7d-fa60-49b3-9547-ce24236859f1,MW,2:00 PM,3:20 PM,False
MC61624,fb5f49ba-b559-4c90-a893-e7e03a2dafe1,MW,2:00 PM,3:20 PM,False
MC61624,eaa2ed40-c9e9-4dbc-8ccb-f24398ccecdb,TR,3:30 PM,4:50 PM,False
MC61624,8f7eed6f-14ed-4655-b428-8752c603e3d7,TR,3:30 PM,4:50 PM,False
MC61624,303d5fc4-adb9-491b-bab5-61d96caea638,W,5:30 PM,8:10 PM,False
MC61624,16457808-67b0-4a85-8a28-cc0a687c5646,R,5:45 PM,8:25 PM,False
MC61624,d1075464-2229-4018-a037-66d99789bf39,T,5:30 PM,8:10 PM,False
MC61624,7b4d7bea-e0b8-407b-8015-5e789a2d8a6b,M,5:30 PM,9:10 PM,False
MC61624,796984c8-6681-42a4-8a9b-33364acf193d,MW,2:00 PM,3:20 PM,False
MC61624,03f84230-6b34-48f7-bf66-7c9cbe240c91,TR,3:30 PM,4:50 PM,False
MC61624,de328bd8-a958-4076-8751-081d47a2fd7a,R,5:45 PM,8:25 PM,False
MC61624,a4a364a3-9e3a-4b04-8efe-c51524717333,F,5:45 PM,8:25 PM,False
MC61624,66d07638-5755-4c58-9cd5-360f305394bf,S,11:20 AM,2:00 PM,False
MC61624,899b4ed8-fde0-4fa6-b6b2-579223e95de6,R,5:45 PM,8:25 PM,False
MC61624,26fde03b-b43c-4ce6-a0a2-c92b88acf013,MW,11:00 AM,12:20 PM,False
MC61624,2a39812a-0ac2-4fd8-8018-ff5a7e326a64,TR,8:30 AM,10:55 AM,False
MC61624,7d098839-2fba-4439-8770-243652a8ce89,TR,11:00 AM,12:25 PM,False
MC61624,ef9ec95d-8257-4a76-b33d-dc0f5fe7b570,F,10:00 AM,2:50 PM,False
MC61624,c36333a1-29a9-4dcb-802c-0ccb321a5e8b,MW,8:00 AM,9:20 AM,False
MC61721,f35d1c1a-4e64-4af3-a2c1-624eb41e5954,W,5:30 PM,8:10 PM,False
MC61721,38623a7e-9996-4044-afce-41818ace9110,T,5:45 PM,8:25 PM,False
MC61721,7cf0c69e-4279-4ea2-9720-e0e9b2affc65,T,5:45 PM,8:25 PM,False
MC61721,9a95be62-8115-48d9-b0e0-d4b88b6edb22,F,2:20 PM,4:50 PM,False
MC61721,5d259104-5a4f-4f33-9b2b-dca498d0abc8,M,5:45 PM,8:25 PM,False
MC61721,a1e56311-e7d7-4d61-bdd0-e7253f8983e7,MW,9:30 AM,10:50 AM,False
MC61721,cb1e7c45-0239-43d3-a160-647f70480081,W,5:30 PM,8:10 PM,False
MC61721,33368563-0001-4cba-8397-88dbca5cf232,W,5:30 PM,8:10 PM,False
MC61721,f545fc80-34de-4914-aeb9-85a38411d717,MW,11:00 AM,12:20 PM,False
MC61721,55098409-7ec3-4bfc-b916-7ea89509de7b,F,5:45 PM,8:25 PM,False
MC61721,b4369904-2935-4e9e-b3e7-bff902e5844b,R,5:45 PM,8:25 PM,False
MC61721,624f0fff-faf8-49f0-ad47-4565a0d071c2,T,5:45 PM,8:25 PM,False
MC61721,5bc84c82-4826-41e3-b2a4-37bcb5b8731a,MW,2:00 PM,4:25 PM,False
MC61721,20e05428-8b9a-4d8f-81f3-bd171e25cfaa,TR,2:00 PM,4:25 PM,False
MC61721,670c77b8-1ca5-4bbc-9955-4ad3bed08e36,MW,12:30 PM,1:50 PM,False
MC61722,7849724c-4892-4209-9cc3-e32e36f450ae,M,9:00 AM,12:00 PM,False
MC61722,43e575d4-c0eb-4e98-8181-061ff764640b,F,12:20 PM,2:50 PM,False
MC61722,33029084-f812-4966-ad60-39a8764cd653,M,5:45 PM,8:25 PM,False
MC61722,1f3340d1-750f-4d94-85af-7cf2807f49fc,F,12:20 PM,2:50 PM,False
MC61722,3a1b3169-6442-4efc-b312-40a9c557c71a,F,12:20 PM,2:50 PM,False
MC61722,33b045cb-d47a-4b77-847d-fdd97245628f,W,5:45 PM,8:25 PM,False
MC61722,04b1e4f7-a23b-4815-9666-90c75525595f,R,5:45 PM,8:25 PM,False
MC61722,5db6b5b1-77e9-48f8-a556-989430786990,T,2:00 PM,3:20 PM,False
MC61722,3028b737-a9a8-44c4-a29b-46e0a714b485,W,11:00 AM,12:20 PM,False
MC61722,abec9d7c-97bc-4fec-bb7d-bd8e36c86e66,MW,3:30 PM,4:50 PM,False
MC61722,4078af6a-e1b8-457c-8e2d-9d86457cfa89,TR,9:00 AM,10:50 AM,False
MC61722,1567ab93-030d-403a-bbcf-35a38b0447ae,W,12:30 PM,3:20 PM,False
MC61722,920fb7db-9611-49d8-b673-cbf45ed595ea,M,12:30 PM,2:30 PM,False
MC61723,a88c2955-0417-47f1-b4ae-4dab2735aebf,TR,3:30 PM,4:50 PM,False
MC61723,7b29b928-0105-4999-a52e-12a99d2c7b59,TR,3:30 PM,4:50 PM,False
MC61723,76bf1628-a00b-4029-bb6c-5bf5e193fd79,TR,9:00 AM,10:50 AM,False
MC61723,cf6e10a5-2ddd-4d76-8d31-72ce26119b14,TR,9:00 AM,10:50 AM,False
MC61723,408b7176-af19-4973-a547-9a1b5113fe2e,R,5:30 PM,9:10 PM,False
MC61723,d9c996fa-564d-4d8d-abcb-3d1223346c59,T,5:30 PM,8:10 PM,False
MC61723,dd205305-faa6-4066-894d-5ddb16e97654,TR,11:00 AM,12:20 PM,False
MC61723,54814775-7764-4104-b66e-af22427ab447,TR,2:00 PM,3:20 PM,False
MC61723,b17dbc1d-c1aa-4185-9067-c3c6dcb64ef3,MW,12:30 PM,1:50 PM,False
MC61723,fb601036-0314-4f2f-ba6b-66564262342f,M,5:00 PM,7:40 PM,False
MC61723,b5b278d1-40ff-4be3-ab69-afdb4a69d44e,W,5:45 PM,8:25 PM,False
MC61723,23fc1692-b443-4953-9da7-2daa2d24c172,TR,9:00 AM,10:50 AM,False
MC61723,61441aeb-3da8-4d10-bdb9-d89896be5098,S,11:20 AM,2:00 PM,False
MC61723,b9bc53f1-9480-4fad-8f83-2e79b1a0132b,W,5:45 PM,8:25 PM,False
MC61723,55a6fe04-8d7f-4ef3-9eae-244a48774e7c,M,5:00 PM,7:40 PM,False
MC61723,24e0658b-374d-4866-b2c4-7d516bfe8ec7,F,5:45 PM,8:25 PM,False
MC61723,954d68eb-2489-415a-805c-411c0e5bc957,F,5:45 PM,8:25 PM,False
MC61723,b9cb1f19-c5f2-4ebd-b5cf-6f8ea7fd2339,TR,3:30 PM,4:50 PM,False
MC61723,f291963f-c008-4c00-b73a-11325aa5da4f,TR,3:30 PM,4:50 PM,False
MC61723,0ce52422-c36f-4587-b3e7-d4ef3be6623e,F,5:45 PM,8:25 PM,False
MC61723,7b244290-814c-4bff-a714-919be46be16d,MW,11:00 AM,12:20 PM,False
MC61723,49cd4067-7950-4f82-a286-0290aa88d369,MW,9:30 AM,10:50 AM,False
MC61723,687754d0-3db7-4018-9376-1f8c92aa4c0d,S,2:10 PM,4:50 PM,False
MC61723,dd96e3c2-27d2-4d7f-b7a3-5ddefcc21f87,T,5:30 PM,8:10 PM,False
MC61723,29d26e00-c97a-4c98-afd3-e0e577197ee2,MW,2:00 PM,4:25 PM,False
MC61812,ee5c9e27-92a4-4cb2-a154-3d3c4df2e278,F,9:00 AM,10:50 AM,False
MC61812,54e34001-2ee6-4baa-9278-0d225ddbb504,W,11:00 AM,12:50 PM,False
MC61812,1825cc73-45e7-477e-9a97-a7cea7997097,R,7:35 PM,9:25 PM,False
MC61812,59e3649a-02d9-401b-8e3c-bc2e9d19adaf,R,3:30 PM,5:20 PM,False
MC61812,8b42af59-83ec-42f1-beda-1d003b93ffc9,R,10:30 AM,12:20 PM,False
MC61812,15de766a-74d1-4ba8-a557-f58e0687a46d,W,3:30 PM,5:20 PM,False
MC61812,ade0b7ed-1016-4341-abbc-4521117308b0,W,6:35 PM,8:25 PM,False
MC61812,fa94ce0c-c2de-495c-b08f-5497f1d0b1d6,F,3:10 PM,5:00 PM,False
MC61812,42373e39-25b7-449f-8352-9de87890e180,F,5:15 PM,6:55 PM,False
MC61820,d8d88dff-f9e3-4c4d-9ab1-4e5486f5a733,MW,9:30 AM,10:50 AM,False
MC61820,7e67bda9-34c8-418b-a26b-25257bd08cbc,R,2:00 PM,3:20 PM,False
MC61820,52814bcf-ab88-472c-a1a8-d0d92da3d301,T,2:00 PM,4:20 PM,False
MC61820,68ef5b9b-9dc3-4a5d-8c23-2971ba8d5fcb,T,2:00 PM,4:20 PM,False
MC61820,137cd1aa-9b8d-40e2-8ed2-1bd2d17987ee,R,2:00 PM,3:20 PM,False
MC61820,a222ec8b-c42b-4ca0-b814-91cbfe308f7b,TR,9:00 AM,10:50 AM,False
MC61820,241b69bf-5fcb-4f85-85f8-f046e5bf3677,MW,2:00 PM,3:20 PM,False
MC61820,9b779927-1e14-4552-84ed-0c507b92913f,MW,11:00 AM,12:20 PM,False
MC61820,8c7b27b8-545b-4577-b1ab-342e8ae631ff,MW,3:30 PM,4:50 PM,False
MC61820,6f016a86-c24c-474b-b056-5cb637783d50,MW,12:30 PM,1:50 PM,False
MC61820,da22dedc-90b0-42e0-9a87-be9dd7c74def,TR,11:00 AM,12:20 PM,False
MC61820,8769ec53-771c-47a7-aef2-e5349be5a1b3,TR,5:45 PM,7:25 PM,False
MC61820,78217e8d-0371-4464-bf67-6ec61143abcb,MW,5:45 PM,7:25 PM,False
MC61821,ead17a63-dbb4-4200-9977-1d7288fd45ff,R,2:00 PM,5:00 PM,False
MC61821,d5d59510-39c9-413a-a171-36bc674fb6f9,R,6:00 PM,9:00 PM,False
MC61821,c3b692b6-76f0-4409-b750-0e1d8d8540fd,R,9:00 AM,12:00 PM,False
MC61821,29e66d94-7f01-492e-b238-e473617e60aa,F,5:30 PM,8:10 PM,False
MC61821,7cd80732-149e-4638-83b3-e3077ad0cfd7,T,5:45 PM,8:25 PM,False
MC61821,7aefa35f-1c39-4508-8485-40daffb1ad97,W,5:45 PM,8:25 PM,False
MC61821,9b5f2250-0dbc-44c6-af42-3b87a4e10759,T,5:45 PM,8:25 PM,False
MC61821,af523625-973c-41e5-993f-a29c0b5d4c51,T,9:30 AM,12:20 PM,False
MC61821,4d72e4a1-9137-4e39-9d1b-a3d722744b28,F,2:00 PM,3:20 PM,False
MC61821,4a87dd21-89d1-4f0f-9ca8-30d7677dc829,F,3:30 PM,4:50 PM,False
MC61821,debe658b-3182-424c-af51-6101d807f38e,T,2:00 PM,4:50 PM,False
MC61821,a5d6167a-92fd-4c5f-9406-bfad6b413569,W,2:00 PM,3:20 PM,False
MC61821,8f478534-6ae2-4801-8a51-82d5477572f2,W,5:45 PM,8:25 PM,False
MC61821,ca253435-b154-4bb7-93d9-aa2eeb60597b,F,5:30 PM,8:10 PM,False
MC61821,b8b2a0c8-f8e5-4c67-9ca5-88e08712114f,W,5:45 PM,8:25 PM,False
MC61821,a527d679-8403-405c-a2d6-35028348d81c,MW,12:30 PM,1:55 PM,False
MC61821,bca5a054-8988-464b-9716-b26d6c0a40f0,MW,11:00 AM,12:20 PM,False
MC61821,59f04708-a55f-4369-b708-36a6a57a3e7c,MW,9:30 AM,10:50 AM,False
MC61822,71856a30-c3b5-4d5b-8598-e0deaa5ca40f,F,9:35 AM,1:35 PM,False
MC61822,2b938508-3a49-4c94-9f21-a87edfccc48b,MW,2:00 PM,3:20 PM,False
MC61822,b9819daf-a569-4a13-8c3a-ce1eda027369,TR,3:30 PM,4:50 PM,False
MC61822,39da2c55-ea64-46fe-b036-22154ff75ee1,TR,3:30 PM,4:50 PM,False
MC61822,fae8d037-93a6-4e5b-bdd1-f4552f3b29d0,R,5:30 PM,8:10 PM,False
MC61822,1747d8a0-94cf-4cf4-83a8-758cc6dc59fe,R,5:30 PM,8:10 PM,False
MC61822,a4e00b57-4c79-4cc6-aac8-bb1ef2e6f7aa,TR,9:30 AM,10:50 AM,False
MC61822,d127b234-b495-4776-a3d1-7a1396e0e641,TR,9:30 AM,10:50 AM,False
MC61822,eed8865d-287b-4441-9ca7-bd562c87c7a0,M,5:30 PM,8:10 PM,False
MC61822,befb3d21-b6b9-4c03-a9ba-0701c26145cf,M,5:30 PM,8:10 PM,False
MC61822,74c6cac2-bdaa-4486-b04a-94e219123afe,T,5:45 PM,8:25 PM,False
MC61822,9e0dda09-908c-4bec-9fad-9746aaa702a7,TR,3:30 PM,4:50 PM,False
MC61822,6c607ce6-6317-4955-b995-3fe0036358ee,TR,9:30 AM,10:50 AM,False
MC61822,27c535fb-e33b-4ca2-bd46-51cf61b10e8d,M,5:30 PM,8:10 PM,False
MC61822,2f63ef88-e61e-4c04-b181-2aa83610993d,W,5:45 PM,8:25 PM,False
MC61822,007114b3-aa99-4767-a7ff-6847333efbb2,MW,2:00 PM,3:20 PM,False
MC61822,11fdcc3e-e4c4-451d-a28e-9860dfba869f,MW,9:00 AM,11:00 AM,False
MC61822,d58f4527-9ed2-431b-a8cb-15889076dfd7,MW,11:00 AM,12:40 PM,False
MC61822,e4723d47-4ef5-4b79-a533-35d2922b539b,TR,11:00 AM,12:20 PM,False
MC61919,7ed47d87-13dc-4b54-b2eb-3b9391a71122,M,9:00 AM,1:00 PM,False
MC61919,45c3c406-eb52-4878-97b8-d34c845ef7e7,M,6:00 PM,9:00 PM,False
MC61919,5dd9d46b-7568-42da-8df1-4ba70588796b,M,2:00 PM,6:00 PM,False
MC61919,8fe6fb00-e211-4175-9948-f48ad505816e,W,9:00 AM,1:00 PM,False
MC61919,553c5dfc-57c9-4d3c-b9d7-661630962534,T,9:30 AM,12:20 PM,False
MC61919,5aa37855-4eda-4794-99dc-ece7713764d7,T,2:00 PM,6:00 PM,False
MC61919,0161fc3d-f5aa-48c3-9f53-e780f385021b,W,2:00 PM,6:00 PM,False
MC61919,0c0a2f13-6e83-47a9-a58a-0817caf41099,W,9:00 AM,1:00 PM,False
MC61919,26f788f0-1a19-4d00-8ec2-44bc47ebffee,W,6:00 PM,9:00 PM,False
MC61919,5924893e-876d-4f2e-9ce8-3d22ffec4ec1,M,6:00 PM,9:00 PM,False
MC61919,c8d2a4c4-bd0c-4ece-a706-2c631ac26f00,R,6:00 PM,10:00 PM,False
MC61919,8777a2da-f88b-4567-b1f6-5508bcbff5c1,T,6:00 PM,10:00 PM,False
MC61919,3931dfd6-3a5c-436b-8cb8-22537f2e4a31,F,3:00 PM,7:00 PM,False
MC61919,c6f69286-8e78-4b3c-aba8-98855bf73de0,M,9:00 AM,1:00 PM,False
MC61919,206a2846-2d88-4032-84f9-ed5256590169,R,2:00 PM,6:00 PM,False
MC61919,dac834d7-5952-4b8f-8570-954ffc2587cb,F,9:00 AM,1:00 PM,False
MC61922,5189d5a5-68aa-4d81-b578-0290aa7704de,M,2:00 PM,6:00 PM,False
MC61922,222cffe1-a768-4ffc-a01f-5f18e6dbbe2a,W,2:00 PM,6:00 PM,False
MC61922,e0097293-523e-409a-93da-eed34a7ad2d0,F,1:00 PM,5:00 PM,False
MC61922,0c16afce-b4c3-4e3a-9f4c-fd425aa6a48e,T,6:00 PM,10:00 PM,False
MC61922,4e335473-301b-4b56-b61f-ce1f25ada9f9,T,8:30 AM,12:30 PM,False
MC61922,f38403e7-b914-48a3-8249-ba7e08c80ad9,T,2:00 PM,6:00 PM,False
MC61922,2b4851da-183e-492d-8e8f-c4cfa13a1c02,F,9:00 AM,1:00 PM,False
MC61922,dbe03f7d-21af-41aa-a4cd-e2747744e473,F,9:00 AM,1:00 PM,False
MC61922,40a07a2c-7e04-413b-97f4-81caf9ffef97,F,6:00 PM,9:00 PM,False
MC61922,4959a624-7c3c-4c6e-99df-51be89f4559b,M,6:00 PM,10:00 PM,False
MC61922,2cbeaf51-18d2-4b65-a090-9d542f534697,R,6:00 PM,10:00 PM,False
MC61922,3b613b6e-ef72-4a8b-b4d4-316e9d2367fe,R,6:00 PM,10:00 PM,False
MC61922,fa5141d4-2b63-4ad0-9c44-7c2645dda5ce,R,2:00 PM,6:00 PM,False
MC61923,6198bc07-2f24-43d8-a279-fbec22fd239d,T,6:00 PM,10:00 PM,False
MC61923,67310a17-1ee3-40f8-8396-ffee7b6b3d28,W,1:00 PM,5:00 PM,False
MC61923,8a2a2222-e9d8-4829-a435-70e3b545315d,T,2:00 PM,6:00 PM,False
MC61923,3eb307de-60a0-4756-9d63-752fc6e4ca51,F,9:00 AM,1:00 PM,False
MC61923,d0f60895-1f11-45e7-920e-163d742193a1,M,1:00 PM,5:00 PM,False
MC61923,5fff41c0-c343-45b2-ae13-f10fdfc978f8,W,6:00 PM,10:00 PM,False
MC61924,c201c42c-2d22-4405-a040-1933a86da923,W,9:00 AM,12:00 PM,False
MC61924,37014862-4a94-40e2-b185-753e37e2aba6,M,2:00 PM,4:50 PM,False
MC61925,d6ccc871-26f5-4884-9d43-a6f280c435a1,T,2:00 PM,6:00 PM,False
MC61925,9e23133c-a47c-4068-ad0b-64ef0c6822df,F,9:00 AM,1:00 PM,False
MC61925,1638fd21-4aad-4e9b-8a29-dedd86c3ae7f,W,1:00 PM,5:00 PM,False
MC61925,e396101b-8251-4e47-8dd9-7f5081dc43ee,F,1:00 PM,5:00 PM,False
MC61925,e200e7fe-27e8-46db-bace-d04a649f5e4d,R,2:00 PM,6:00 PM,False
MC61925,e394e0a0-e951-473b-b2c3-23fe7a82c982,M,6:00 PM,10:00 PM,False
MC61925,f1d5d309-2f24-4b1a-93b4-2521a858828a,W,6:00 PM,9:00 PM,False
MC61925,474801c8-3c63-4e60-96a8-ff2ff9b1be1c,W,9:00 AM,1:00 PM,False
MC61925,4e124075-07e3-472d-a167-2ba0cea3dd56,F,6:00 PM,10:00 PM,False
MC61925,c92932f6-178e-40e8-bf1f-9d73e3cf57dd,T,6:00 PM,10:00 PM,False
MC61925,55ad79ef-3a6e-4965-8be1-658e5855b2c4,T,8:30 AM,12:30 PM,False
MC611026,94dad44a-4d44-4ec4-a730-f396b51c7123,M,2:00 PM,6:00 PM,False
MC611026,f7daf855-35a3-4a07-8813-1e2ac45c56c4,T,2:00 PM,6:00 PM,False
MC611026,1c450ede-944d-4f15-948b-f03634428511,F,9:00 AM,1:00 PM,False
MC611026,022f3150-70e5-4ec6-ab94-cee550f45a24,W,1:00 PM,5:00 PM,False
MC611026,730fbc69-eff5-4bf5-b377-6dad6856206d,R,2:00 PM,6:00 PM,False
MC611026,7945f9da-f34c-4dfc-a80a-98fc11065e9d,M,6:00 PM,10:00 PM,False
MC611026,a662b015-e5a6-41d6-a472-38c14c8eedc3,R,6:00 PM,10:00 PM,False
MC611026,a06bd6d1-4c5d-4d97-be0f-71dd898960a5,T,6:00 PM,10:00 PM,False
MC611026,4d5ee488-fb52-4ad5-81ec-702050807f94,F,3:00 PM,7:00 PM,False
MC611029,6a4cc47e-ec05-43bd-976e-356f7511a714,M,2:00 PM,5:00 PM,False
MC611029,315a3523-d592-4803-9233-598366d5ae19,TR,2:00 PM,5:40 PM,False
MC611118,cd605cfd-c9aa-4b06-a102-2ddebe1a1f34,W,11:30 AM,2:15 PM,False
MC611118,cc2a043e-8533-4bda-b078-cf6585dc8440,M,2:45 PM,5:25 PM,False
MC611119,c11a08a9-f657-4aa0-ae13-74f3729fbea1,W,3:30 PM,4:50 PM,False
MC611119,b6a7936c-551c-4280-bd0c-f557f90fcb39,TR,2:00 PM,3:20 PM,False
